city,latitude,longitude,timestamp,temperature_°c,humidity_%,pressure_hpa,wind_speed_m/s,wind_direction_°,cloudiness_%,visibility_m,source
Indore,22.7196,75.8577,2025-11-09 00:00:00,13.6,65,1015.8,5.1,63,0,10000.0,Open-Meteo
Indore,22.7196,75.8577,2025-11-09 01:00:00,13.5,63,1016.4,4.9,62,0,10000.0,Open-Meteo
Indore,22.7196,75.8577,2025-11-09 02:00:00,15.2,56,1017.2,5.6,65,0,10000.0,Open-Meteo
Indore,22.7196,75.8577,2025-11-09 03:00:00,18.0,48,1017.7,4.4,60,0,10000.0,Open-Meteo
Indore,22.7196,75.8577,2025-11-09 04:00:00,21.3,35,1018.1,4.3,57,0,10000.0,Open-Meteo
Indore,22.7196,75.8577,2025-11-09 05:00:00,23.2,26,1017.7,6.6,53,0,10000.0,Open-Meteo
Indore,22.7196,75.8577,2025-11-09 06:00:00,24.9,22,1016.2,7.9,47,0,10000.0,Open-Meteo
Indore,22.7196,75.8577,2025-11-09 07:00:00,26.2,20,1015.1,7.5,44,0,10000.0,Open-Meteo
Indore,22.7196,75.8577,2025-11-09 08:00:00,26.7,19,1014.1,7.4,39,0,10000.0,Open-Meteo
Indore,22.7196,75.8577,2025-11-09 09:00:00,26.8,20,1013.3,7.7,33,0,10000.0,Open-Meteo
Indore,22.7196,75.8577,2025-11-09 10:00:00,26.5,21,1012.9,8.5,28,0,10000.0,Open-Meteo
Indore,22.7196,75.8577,2025-11-09 11:00:00,25.7,23,1012.9,9.0,26,0,10000.0,Open-Meteo
Indore,22.7196,75.8577,2025-11-09 12:00:00,24.1,30,1013.3,8.3,39,0,10000.0,Open-Meteo
Indore,22.7196,75.8577,2025-11-09 13:00:00,22.3,37,1013.5,8.8,44,0,10000.0,Open-Meteo
Indore,22.7196,75.8577,2025-11-09 14:00:00,21.0,41,1014.3,8.5,48,0,10000.0,Open-Meteo
Indore,22.7196,75.8577,2025-11-09 15:00:00,20.4,43,1014.8,7.7,49,0,10000.0,Open-Meteo
Indore,22.7196,75.8577,2025-11-09 16:00:00,19.8,43,1015.0,6.1,66,0,10000.0,Open-Meteo
Indore,22.7196,75.8577,2025-11-09 17:00:00,19.0,46,1015.1,5.0,75,0,10000.0,Open-Meteo
Indore,22.7196,75.8577,2025-11-09 18:00:00,18.8,46,1014.8,5.8,97,0,10000.0,Open-Meteo
Indore,22.7196,75.8577,2025-11-09 19:00:00,17.5,49,1014.2,5.8,90,0,10000.0,Open-Meteo
Indore,22.7196,75.8577,2025-11-09 20:00:00,16.9,51,1014.0,6.6,77,0,10000.0,Open-Meteo
Indore,22.7196,75.8577,2025-11-09 21:00:00,15.6,58,1013.7,5.0,75,0,10000.0,Open-Meteo
Indore,22.7196,75.8577,2025-11-09 22:00:00,15.0,61,1013.9,4.3,105,0,10000.0,Open-Meteo
Indore,22.7196,75.8577,2025-11-09 23:00:00,14.7,64,1014.0,3.8,101,0,10000.0,Open-Meteo
Indore,22.7196,75.8577,2025-11-10 00:00:00,14.9,64,1014.3,4.0,60,0,10000.0,Open-Meteo
Indore,22.7196,75.8577,2025-11-10 01:00:00,14.5,64,1015.0,3.8,73,0,10000.0,Open-Meteo
Indore,22.7196,75.8577,2025-11-10 02:00:00,15.8,58,1015.8,5.0,92,0,10000.0,Open-Meteo
Indore,22.7196,75.8577,2025-11-10 03:00:00,18.9,49,1016.7,4.6,121,0,10000.0,Open-Meteo
Indore,22.7196,75.8577,2025-11-10 04:00:00,22.5,36,1017.1,4.1,131,0,10000.0,Open-Meteo
Indore,22.7196,75.8577,2025-11-10 05:00:00,24.3,26,1016.9,4.0,126,0,10000.0,Open-Meteo
Indore,22.7196,75.8577,2025-11-10 06:00:00,25.2,24,1015.9,3.5,168,0,10000.0,Open-Meteo
Indore,22.7196,75.8577,2025-11-10 07:00:00,26.3,24,1014.7,3.5,189,0,10000.0,Open-Meteo
Indore,22.7196,75.8577,2025-11-10 08:00:00,26.7,24,1013.9,3.6,213,0,10000.0,Open-Meteo
Indore,22.7196,75.8577,2025-11-10 09:00:00,26.8,24,1013.0,3.5,242,0,10000.0,Open-Meteo
Indore,22.7196,75.8577,2025-11-10 10:00:00,26.6,24,1012.8,3.6,273,0,10000.0,Open-Meteo
Indore,22.7196,75.8577,2025-11-10 11:00:00,26.1,24,1012.9,4.0,288,0,10000.0,Open-Meteo
Indore,22.7196,75.8577,2025-11-10 12:00:00,24.7,28,1013.3,4.1,326,0,10000.0,Open-Meteo
Indore,22.7196,75.8577,2025-11-10 13:00:00,22.5,39,1013.6,3.2,16,0,10000.0,Open-Meteo
Indore,22.7196,75.8577,2025-11-10 14:00:00,21.1,42,1014.3,3.6,57,0,10000.0,Open-Meteo
Indore,22.7196,75.8577,2025-11-10 15:00:00,20.0,49,1014.9,2.9,86,0,10000.0,Open-Meteo
Indore,22.7196,75.8577,2025-11-10 16:00:00,19.4,50,1015.2,1.3,56,0,10000.0,Open-Meteo
Indore,22.7196,75.8577,2025-11-10 17:00:00,18.6,51,1015.3,3.0,107,0,10000.0,Open-Meteo
Indore,22.7196,75.8577,2025-11-10 18:00:00,18.0,58,1015.1,3.2,164,0,10000.0,Open-Meteo
Indore,22.7196,75.8577,2025-11-10 19:00:00,17.0,63,1014.8,3.5,168,0,10000.0,Open-Meteo
Indore,22.7196,75.8577,2025-11-10 20:00:00,16.5,67,1014.6,3.8,169,0,10000.0,Open-Meteo
Indore,22.7196,75.8577,2025-11-10 21:00:00,15.8,70,1014.5,1.7,162,0,10000.0,Open-Meteo
Indore,22.7196,75.8577,2025-11-10 22:00:00,15.8,70,1014.5,0.7,194,0,10000.0,Open-Meteo
Indore,22.7196,75.8577,2025-11-10 23:00:00,15.6,69,1014.7,0.4,243,0,10000.0,Open-Meteo
Indore,22.7196,75.8577,2025-11-11 00:00:00,15.3,64,1015.0,1.9,73,0,10000.0,Open-Meteo
Indore,22.7196,75.8577,2025-11-11 01:00:00,14.7,64,1015.7,2.5,111,0,10000.0,Open-Meteo
Indore,22.7196,75.8577,2025-11-11 02:00:00,15.7,58,1016.6,5.2,102,0,10000.0,Open-Meteo
Indore,22.7196,75.8577,2025-11-11 03:00:00,18.9,47,1017.3,3.6,96,0,10000.0,Open-Meteo
Indore,22.7196,75.8577,2025-11-11 04:00:00,22.5,35,1017.8,1.8,101,0,10000.0,Open-Meteo
Indore,22.7196,75.8577,2025-11-11 05:00:00,24.7,26,1017.5,2.4,81,0,10000.0,Open-Meteo
Indore,22.7196,75.8577,2025-11-11 06:00:00,25.5,23,1016.7,2.2,35,0,10000.0,Open-Meteo
Indore,22.7196,75.8577,2025-11-11 07:00:00,26.8,21,1015.7,2.5,8,0,10000.0,Open-Meteo
Indore,22.7196,75.8577,2025-11-11 08:00:00,27.3,21,1014.7,3.6,354,0,10000.0,Open-Meteo
Indore,22.7196,75.8577,2025-11-11 09:00:00,27.3,21,1013.9,4.9,360,0,10000.0,Open-Meteo
Indore,22.7196,75.8577,2025-11-11 10:00:00,27.0,22,1013.7,6.0,9,0,10000.0,Open-Meteo
Indore,22.7196,75.8577,2025-11-11 11:00:00,26.3,23,1013.8,6.3,24,0,10000.0,Open-Meteo
Indore,22.7196,75.8577,2025-11-11 12:00:00,25.1,27,1014.1,6.7,54,0,10000.0,Open-Meteo
Indore,22.7196,75.8577,2025-11-11 13:00:00,23.5,30,1014.6,5.7,66,0,10000.0,Open-Meteo
Indore,22.7196,75.8577,2025-11-11 14:00:00,21.5,37,1015.3,3.9,47,0,10000.0,Open-Meteo
Indore,22.7196,75.8577,2025-11-11 15:00:00,20.2,44,1016.1,3.4,32,0,10000.0,Open-Meteo
Indore,22.7196,75.8577,2025-11-11 16:00:00,19.5,49,1016.2,3.2,71,0,10000.0,Open-Meteo
Indore,22.7196,75.8577,2025-11-11 17:00:00,19.2,47,1016.4,4.1,113,0,10000.0,Open-Meteo
Indore,22.7196,75.8577,2025-11-11 18:00:00,18.5,53,1016.3,2.9,158,0,10000.0,Open-Meteo
Indore,22.7196,75.8577,2025-11-11 19:00:00,17.5,54,1015.8,3.0,166,0,10000.0,Open-Meteo
Indore,22.7196,75.8577,2025-11-11 20:00:00,16.7,60,1015.6,2.9,173,0,10000.0,Open-Meteo
Indore,22.7196,75.8577,2025-11-11 21:00:00,16.3,65,1015.6,0.6,342,0,10000.0,Open-Meteo
Indore,22.7196,75.8577,2025-11-11 22:00:00,15.1,67,1015.7,3.7,14,0,10000.0,Open-Meteo
Indore,22.7196,75.8577,2025-11-11 23:00:00,15.0,66,1015.7,3.7,55,0,10000.0,Open-Meteo
Indore,22.7196,75.8577,2025-11-12 00:00:00,15.0,62,1016.1,4.9,51,0,10000.0,Open-Meteo
Indore,22.7196,75.8577,2025-11-12 01:00:00,15.1,61,1016.7,5.9,70,0,10000.0,Open-Meteo
Indore,22.7196,75.8577,2025-11-12 02:00:00,16.1,57,1017.4,7.9,69,0,10000.0,Open-Meteo
Indore,22.7196,75.8577,2025-11-12 03:00:00,19.2,47,1017.9,4.8,61,0,10000.0,Open-Meteo
Indore,22.7196,75.8577,2025-11-12 04:00:00,22.6,37,1018.5,2.7,53,0,10000.0,Open-Meteo
Indore,22.7196,75.8577,2025-11-12 05:00:00,24.9,28,1018.3,5.2,56,0,10000.0,Open-Meteo
Indore,22.7196,75.8577,2025-11-12 06:00:00,26.0,25,1017.3,5.4,34,0,10000.0,Open-Meteo
Indore,22.7196,75.8577,2025-11-12 07:00:00,27.1,23,1016.5,5.3,24,0,10000.0,Open-Meteo
Indore,22.7196,75.8577,2025-11-12 08:00:00,27.5,23,1015.8,6.1,19,0,10000.0,Open-Meteo
Indore,22.7196,75.8577,2025-11-12 09:00:00,27.5,22,1015.0,6.6,21,0,10000.0,Open-Meteo
Indore,22.7196,75.8577,2025-11-12 10:00:00,27.2,23,1014.9,7.1,24,0,10000.0,Open-Meteo
Indore,22.7196,75.8577,2025-11-12 11:00:00,26.5,24,1015.1,7.6,31,0,10000.0,Open-Meteo
Indore,22.7196,75.8577,2025-11-12 12:00:00,25.2,28,1015.4,7.3,44,0,10000.0,Open-Meteo
Indore,22.7196,75.8577,2025-11-12 13:00:00,23.4,35,1016.1,9.1,36,0,10000.0,Open-Meteo
Indore,22.7196,75.8577,2025-11-12 14:00:00,21.7,39,1016.8,10.2,41,0,10000.0,Open-Meteo
Indore,22.7196,75.8577,2025-11-12 15:00:00,21.0,37,1017.4,10.0,51,0,10000.0,Open-Meteo
Indore,22.7196,75.8577,2025-11-12 16:00:00,20.5,37,1017.6,8.6,61,0,10000.0,Open-Meteo
Indore,22.7196,75.8577,2025-11-12 17:00:00,19.9,39,1017.4,7.6,62,0,10000.0,Open-Meteo
Indore,22.7196,75.8577,2025-11-12 18:00:00,19.4,42,1017.5,7.2,71,0,10000.0,Open-Meteo
Indore,22.7196,75.8577,2025-11-12 19:00:00,17.8,47,1017.1,5.2,84,0,10000.0,Open-Meteo
Indore,22.7196,75.8577,2025-11-12 20:00:00,17.0,49,1016.6,5.0,60,0,10000.0,Open-Meteo
Indore,22.7196,75.8577,2025-11-12 21:00:00,16.2,53,1016.7,5.0,44,0,10000.0,Open-Meteo
Indore,22.7196,75.8577,2025-11-12 22:00:00,16.3,50,1016.8,7.3,40,0,10000.0,Open-Meteo
Indore,22.7196,75.8577,2025-11-12 23:00:00,15.7,52,1017.0,6.8,55,0,10000.0,Open-Meteo
Indore,22.7196,75.8577,2025-11-13 00:00:00,15.3,56,1017.7,6.8,53,0,10000.0,Open-Meteo
Indore,22.7196,75.8577,2025-11-13 01:00:00,15.1,58,1018.2,7.2,72,0,10000.0,Open-Meteo
Indore,22.7196,75.8577,2025-11-13 02:00:00,15.8,56,1019.2,9.0,77,0,10000.0,Open-Meteo
Indore,22.7196,75.8577,2025-11-13 03:00:00,18.9,48,1019.7,7.3,73,0,10000.0,Open-Meteo
Indore,22.7196,75.8577,2025-11-13 04:00:00,22.4,38,1020.0,5.4,60,0,10000.0,Open-Meteo
Indore,22.7196,75.8577,2025-11-13 05:00:00,24.8,26,1019.7,8.5,58,0,10000.0,Open-Meteo
Indore,22.7196,75.8577,2025-11-13 06:00:00,26.0,22,1019.0,8.6,49,0,10000.0,Open-Meteo
Indore,22.7196,75.8577,2025-11-13 07:00:00,27.0,21,1017.8,9.0,44,0,10000.0,Open-Meteo
Indore,22.7196,75.8577,2025-11-13 08:00:00,27.3,21,1016.8,8.9,40,0,10000.0,Open-Meteo
Indore,22.7196,75.8577,2025-11-13 09:00:00,27.4,22,1015.9,8.7,37,0,10000.0,Open-Meteo
Indore,22.7196,75.8577,2025-11-13 10:00:00,27.0,24,1015.6,8.7,38,0,10000.0,Open-Meteo
Indore,22.7196,75.8577,2025-11-13 11:00:00,26.2,25,1015.7,9.6,43,0,10000.0,Open-Meteo
Indore,22.7196,75.8577,2025-11-13 12:00:00,24.9,29,1016.0,9.0,47,0,10000.0,Open-Meteo
Indore,22.7196,75.8577,2025-11-13 13:00:00,23.4,33,1016.6,10.2,48,0,10000.0,Open-Meteo
Indore,22.7196,75.8577,2025-11-13 14:00:00,22.2,36,1017.3,10.6,50,0,10000.0,Open-Meteo
Indore,22.7196,75.8577,2025-11-13 15:00:00,21.3,37,1017.7,9.7,50,0,10000.0,Open-Meteo
Indore,22.7196,75.8577,2025-11-13 16:00:00,20.7,38,1017.7,8.5,61,0,10000.0,Open-Meteo
Indore,22.7196,75.8577,2025-11-13 17:00:00,20.5,38,1017.5,7.5,73,0,10000.0,Open-Meteo
Indore,22.7196,75.8577,2025-11-13 18:00:00,20.4,40,1017.3,8.3,57,0,10000.0,Open-Meteo
Indore,22.7196,75.8577,2025-11-13 19:00:00,17.7,49,1017.1,9.9,35,0,10000.0,Open-Meteo
Indore,22.7196,75.8577,2025-11-13 20:00:00,16.5,55,1017.2,9.6,62,0,10000.0,Open-Meteo
Indore,22.7196,75.8577,2025-11-13 21:00:00,16.4,57,1016.9,10.1,68,0,10000.0,Open-Meteo
Indore,22.7196,75.8577,2025-11-13 22:00:00,16.3,57,1016.8,10.8,62,0,10000.0,Open-Meteo
Indore,22.7196,75.8577,2025-11-13 23:00:00,16.0,58,1016.7,10.6,60,0,10000.0,Open-Meteo
Indore,22.7196,75.8577,2025-11-14 00:00:00,15.7,59,1017.2,10.2,56,0,10000.0,Open-Meteo
Indore,22.7196,75.8577,2025-11-14 01:00:00,15.2,61,1018.0,10.1,63,0,10000.0,Open-Meteo
Indore,22.7196,75.8577,2025-11-14 02:00:00,15.6,60,1018.7,9.9,63,0,10000.0,Open-Meteo
Indore,22.7196,75.8577,2025-11-14 03:00:00,18.2,52,1019.2,6.5,56,0,10000.0,Open-Meteo
Indore,22.7196,75.8577,2025-11-14 04:00:00,21.8,41,1019.6,5.3,66,0,10000.0,Open-Meteo
Indore,22.7196,75.8577,2025-11-14 05:00:00,24.5,31,1018.9,7.5,80,0,10000.0,Open-Meteo
Indore,22.7196,75.8577,2025-11-14 06:00:00,25.8,27,1017.8,6.7,81,0,10000.0,Open-Meteo
Indore,22.7196,75.8577,2025-11-14 07:00:00,26.6,26,1016.5,5.6,69,0,10000.0,Open-Meteo
Indore,22.7196,75.8577,2025-11-14 08:00:00,27.2,25,1015.4,5.0,52,0,10000.0,Open-Meteo
Indore,22.7196,75.8577,2025-11-14 09:00:00,27.3,25,1014.7,6.0,37,0,10000.0,Open-Meteo
Indore,22.7196,75.8577,2025-11-14 10:00:00,26.9,26,1014.3,7.8,29,0,10000.0,Open-Meteo
Indore,22.7196,75.8577,2025-11-14 11:00:00,26.1,27,1014.5,9.3,28,0,10000.0,Open-Meteo
Indore,22.7196,75.8577,2025-11-14 12:00:00,24.6,30,1015.2,9.5,33,0,10000.0,Open-Meteo
Indore,22.7196,75.8577,2025-11-14 13:00:00,23.3,35,1015.9,9.2,55,0,10000.0,Open-Meteo
Indore,22.7196,75.8577,2025-11-14 14:00:00,21.9,40,1016.6,7.9,74,0,10000.0,Open-Meteo
Indore,22.7196,75.8577,2025-11-14 15:00:00,20.6,45,1017.3,7.4,87,0,10000.0,Open-Meteo
Indore,22.7196,75.8577,2025-11-14 16:00:00,19.7,49,1017.5,7.9,78,0,10000.0,Open-Meteo
Indore,22.7196,75.8577,2025-11-14 17:00:00,19.3,51,1017.3,9.1,80,0,10000.0,Open-Meteo
Indore,22.7196,75.8577,2025-11-14 18:00:00,19.1,51,1016.9,8.9,83,0,10000.0,Open-Meteo
Indore,22.7196,75.8577,2025-11-14 19:00:00,18.5,52,1016.8,8.9,66,0,10000.0,Open-Meteo
Indore,22.7196,75.8577,2025-11-14 20:00:00,17.1,58,1016.9,9.2,40,0,10000.0,Open-Meteo
Indore,22.7196,75.8577,2025-11-14 21:00:00,15.9,63,1016.8,9.7,43,0,10000.0,Open-Meteo
Indore,22.7196,75.8577,2025-11-14 22:00:00,15.6,63,1016.6,9.3,44,0,10000.0,Open-Meteo
Indore,22.7196,75.8577,2025-11-14 23:00:00,15.2,61,1016.7,8.8,49,0,10000.0,Open-Meteo
Bhopal,23.2599,77.4126,2025-11-09 00:00:00,14.1,66,1015.6,6.9,5,0,10000.0,Open-Meteo
Bhopal,23.2599,77.4126,2025-11-09 01:00:00,14.0,69,1016.2,5.9,12,0,10000.0,Open-Meteo
Bhopal,23.2599,77.4126,2025-11-09 02:00:00,15.4,65,1016.9,6.3,18,0,10000.0,Open-Meteo
Bhopal,23.2599,77.4126,2025-11-09 03:00:00,18.4,59,1017.4,4.5,37,0,10000.0,Open-Meteo
Bhopal,23.2599,77.4126,2025-11-09 04:00:00,21.6,44,1017.8,3.8,49,0,10000.0,Open-Meteo
Bhopal,23.2599,77.4126,2025-11-09 05:00:00,23.2,32,1017.3,4.0,30,0,10000.0,Open-Meteo
Bhopal,23.2599,77.4126,2025-11-09 06:00:00,24.6,27,1015.9,3.6,18,0,10000.0,Open-Meteo
Bhopal,23.2599,77.4126,2025-11-09 07:00:00,25.6,25,1014.8,4.0,18,0,10000.0,Open-Meteo
Bhopal,23.2599,77.4126,2025-11-09 08:00:00,26.0,25,1013.9,4.9,8,0,10000.0,Open-Meteo
Bhopal,23.2599,77.4126,2025-11-09 09:00:00,26.2,25,1013.0,5.6,7,0,10000.0,Open-Meteo
Bhopal,23.2599,77.4126,2025-11-09 10:00:00,25.8,27,1012.7,6.8,12,0,10000.0,Open-Meteo
Bhopal,23.2599,77.4126,2025-11-09 11:00:00,24.7,34,1012.7,6.2,22,0,10000.0,Open-Meteo
Bhopal,23.2599,77.4126,2025-11-09 12:00:00,22.2,48,1013.0,5.2,31,0,10000.0,Open-Meteo
Bhopal,23.2599,77.4126,2025-11-09 13:00:00,20.5,55,1013.3,4.7,2,0,10000.0,Open-Meteo
Bhopal,23.2599,77.4126,2025-11-09 14:00:00,19.7,54,1013.9,6.5,326,0,10000.0,Open-Meteo
Bhopal,23.2599,77.4126,2025-11-09 15:00:00,19.0,51,1014.3,6.4,338,0,10000.0,Open-Meteo
Bhopal,23.2599,77.4126,2025-11-09 16:00:00,17.8,54,1014.6,5.6,358,0,10000.0,Open-Meteo
Bhopal,23.2599,77.4126,2025-11-09 17:00:00,16.6,59,1014.9,5.1,337,0,10000.0,Open-Meteo
Bhopal,23.2599,77.4126,2025-11-09 18:00:00,16.5,58,1014.7,6.5,330,0,10000.0,Open-Meteo
Bhopal,23.2599,77.4126,2025-11-09 19:00:00,15.5,62,1014.2,6.2,345,0,10000.0,Open-Meteo
Bhopal,23.2599,77.4126,2025-11-09 20:00:00,15.4,61,1014.0,6.3,357,0,10000.0,Open-Meteo
Bhopal,23.2599,77.4126,2025-11-09 21:00:00,15.3,62,1013.7,6.7,360,0,10000.0,Open-Meteo
Bhopal,23.2599,77.4126,2025-11-09 22:00:00,14.7,65,1013.7,6.3,13,0,10000.0,Open-Meteo
Bhopal,23.2599,77.4126,2025-11-09 23:00:00,14.1,69,1013.8,5.8,7,0,10000.0,Open-Meteo
Bhopal,23.2599,77.4126,2025-11-10 00:00:00,14.2,67,1014.0,6.3,18,0,10000.0,Open-Meteo
Bhopal,23.2599,77.4126,2025-11-10 01:00:00,13.6,72,1014.9,4.9,28,0,10000.0,Open-Meteo
Bhopal,23.2599,77.4126,2025-11-10 02:00:00,15.1,66,1016.0,4.1,45,0,10000.0,Open-Meteo
Bhopal,23.2599,77.4126,2025-11-10 03:00:00,17.8,63,1016.7,1.9,119,0,10000.0,Open-Meteo
Bhopal,23.2599,77.4126,2025-11-10 04:00:00,20.9,51,1017.2,3.0,107,0,10000.0,Open-Meteo
Bhopal,23.2599,77.4126,2025-11-10 05:00:00,23.3,40,1016.7,4.3,114,0,10000.0,Open-Meteo
Bhopal,23.2599,77.4126,2025-11-10 06:00:00,24.7,29,1015.7,1.5,166,0,10000.0,Open-Meteo
Bhopal,23.2599,77.4126,2025-11-10 07:00:00,25.8,27,1014.6,1.5,187,0,10000.0,Open-Meteo
Bhopal,23.2599,77.4126,2025-11-10 08:00:00,26.2,27,1013.7,1.7,193,0,10000.0,Open-Meteo
Bhopal,23.2599,77.4126,2025-11-10 09:00:00,26.3,27,1012.9,1.7,198,0,10000.0,Open-Meteo
Bhopal,23.2599,77.4126,2025-11-10 10:00:00,26.2,27,1012.7,2.0,190,0,10000.0,Open-Meteo
Bhopal,23.2599,77.4126,2025-11-10 11:00:00,25.4,34,1012.7,2.9,180,0,10000.0,Open-Meteo
Bhopal,23.2599,77.4126,2025-11-10 12:00:00,22.3,57,1013.1,2.1,165,0,10000.0,Open-Meteo
Bhopal,23.2599,77.4126,2025-11-10 13:00:00,20.8,61,1013.8,0.6,288,0,10000.0,Open-Meteo
Bhopal,23.2599,77.4126,2025-11-10 14:00:00,19.3,63,1014.4,3.6,315,0,10000.0,Open-Meteo
Bhopal,23.2599,77.4126,2025-11-10 15:00:00,18.4,64,1014.9,4.4,339,0,10000.0,Open-Meteo
Bhopal,23.2599,77.4126,2025-11-10 16:00:00,17.7,66,1014.9,2.6,12,0,10000.0,Open-Meteo
Bhopal,23.2599,77.4126,2025-11-10 17:00:00,17.0,68,1015.1,2.2,55,0,10000.0,Open-Meteo
Bhopal,23.2599,77.4126,2025-11-10 18:00:00,16.7,67,1015.0,1.5,7,0,10000.0,Open-Meteo
Bhopal,23.2599,77.4126,2025-11-10 19:00:00,16.2,64,1014.6,0.4,333,0,10000.0,Open-Meteo
Bhopal,23.2599,77.4126,2025-11-10 20:00:00,15.8,65,1014.3,1.2,321,0,10000.0,Open-Meteo
Bhopal,23.2599,77.4126,2025-11-10 21:00:00,15.3,67,1014.2,1.5,324,0,10000.0,Open-Meteo
Bhopal,23.2599,77.4126,2025-11-10 22:00:00,14.3,73,1014.3,3.2,322,0,10000.0,Open-Meteo
Bhopal,23.2599,77.4126,2025-11-10 23:00:00,13.7,77,1014.5,4.3,332,0,10000.0,Open-Meteo
Bhopal,23.2599,77.4126,2025-11-11 00:00:00,13.2,76,1015.0,3.4,335,0,10000.0,Open-Meteo
Bhopal,23.2599,77.4126,2025-11-11 01:00:00,12.8,78,1015.9,3.4,354,0,10000.0,Open-Meteo
Bhopal,23.2599,77.4126,2025-11-11 02:00:00,14.2,73,1016.7,4.0,32,0,10000.0,Open-Meteo
Bhopal,23.2599,77.4126,2025-11-11 03:00:00,17.8,63,1017.2,2.4,99,0,10000.0,Open-Meteo
Bhopal,23.2599,77.4126,2025-11-11 04:00:00,21.4,50,1017.6,2.7,127,0,10000.0,Open-Meteo
Bhopal,23.2599,77.4126,2025-11-11 05:00:00,23.8,37,1017.3,3.1,149,0,10000.0,Open-Meteo
Bhopal,23.2599,77.4126,2025-11-11 06:00:00,25.0,30,1016.4,2.3,162,0,10000.0,Open-Meteo
Bhopal,23.2599,77.4126,2025-11-11 07:00:00,25.9,29,1015.6,1.8,186,0,10000.0,Open-Meteo
Bhopal,23.2599,77.4126,2025-11-11 08:00:00,26.3,29,1014.6,1.6,207,0,10000.0,Open-Meteo
Bhopal,23.2599,77.4126,2025-11-11 09:00:00,26.6,29,1013.8,1.4,220,0,10000.0,Open-Meteo
Bhopal,23.2599,77.4126,2025-11-11 10:00:00,26.4,29,1013.5,0.9,217,0,10000.0,Open-Meteo
Bhopal,23.2599,77.4126,2025-11-11 11:00:00,25.9,31,1013.5,0.2,180,0,10000.0,Open-Meteo
Bhopal,23.2599,77.4126,2025-11-11 12:00:00,22.4,58,1013.9,2.3,157,0,10000.0,Open-Meteo
Bhopal,23.2599,77.4126,2025-11-11 13:00:00,20.9,63,1014.8,0.0,270,0,10000.0,Open-Meteo
Bhopal,23.2599,77.4126,2025-11-11 14:00:00,19.7,67,1015.4,1.5,315,0,10000.0,Open-Meteo
Bhopal,23.2599,77.4126,2025-11-11 15:00:00,19.3,63,1015.8,1.4,320,0,10000.0,Open-Meteo
Bhopal,23.2599,77.4126,2025-11-11 16:00:00,18.3,63,1015.8,2.3,315,0,10000.0,Open-Meteo
Bhopal,23.2599,77.4126,2025-11-11 17:00:00,16.9,64,1016.1,4.1,326,0,10000.0,Open-Meteo
Bhopal,23.2599,77.4126,2025-11-11 18:00:00,16.3,65,1016.1,4.1,347,0,10000.0,Open-Meteo
Bhopal,23.2599,77.4126,2025-11-11 19:00:00,15.6,64,1015.8,2.3,331,0,10000.0,Open-Meteo
Bhopal,23.2599,77.4126,2025-11-11 20:00:00,15.3,64,1015.7,2.4,343,0,10000.0,Open-Meteo
Bhopal,23.2599,77.4126,2025-11-11 21:00:00,15.0,64,1015.6,5.2,340,0,10000.0,Open-Meteo
Bhopal,23.2599,77.4126,2025-11-11 22:00:00,15.1,63,1015.5,7.0,360,0,10000.0,Open-Meteo
Bhopal,23.2599,77.4126,2025-11-11 23:00:00,15.0,63,1015.6,7.8,5,0,10000.0,Open-Meteo
Bhopal,23.2599,77.4126,2025-11-12 00:00:00,14.6,64,1016.1,7.5,17,0,10000.0,Open-Meteo
Bhopal,23.2599,77.4126,2025-11-12 01:00:00,13.9,70,1016.8,5.5,19,0,10000.0,Open-Meteo
Bhopal,23.2599,77.4126,2025-11-12 02:00:00,15.0,66,1017.5,6.4,27,0,10000.0,Open-Meteo
Bhopal,23.2599,77.4126,2025-11-12 03:00:00,18.1,59,1018.0,4.6,36,0,10000.0,Open-Meteo
Bhopal,23.2599,77.4126,2025-11-12 04:00:00,21.3,48,1018.5,3.8,49,0,10000.0,Open-Meteo
Bhopal,23.2599,77.4126,2025-11-12 05:00:00,23.6,39,1018.2,5.0,64,0,10000.0,Open-Meteo
Bhopal,23.2599,77.4126,2025-11-12 06:00:00,25.2,30,1017.2,4.1,61,0,10000.0,Open-Meteo
Bhopal,23.2599,77.4126,2025-11-12 07:00:00,26.1,28,1016.4,3.9,53,0,10000.0,Open-Meteo
Bhopal,23.2599,77.4126,2025-11-12 08:00:00,26.5,27,1015.6,3.7,39,0,10000.0,Open-Meteo
Bhopal,23.2599,77.4126,2025-11-12 09:00:00,26.6,26,1015.1,4.1,29,0,10000.0,Open-Meteo
Bhopal,23.2599,77.4126,2025-11-12 10:00:00,26.3,26,1014.9,5.2,27,0,10000.0,Open-Meteo
Bhopal,23.2599,77.4126,2025-11-12 11:00:00,25.2,32,1015.1,6.3,27,0,10000.0,Open-Meteo
Bhopal,23.2599,77.4126,2025-11-12 12:00:00,22.9,41,1015.5,5.8,30,0,10000.0,Open-Meteo
Bhopal,23.2599,77.4126,2025-11-12 13:00:00,21.5,44,1016.1,7.6,15,0,10000.0,Open-Meteo
Bhopal,23.2599,77.4126,2025-11-12 14:00:00,20.4,44,1016.8,8.3,13,0,10000.0,Open-Meteo
Bhopal,23.2599,77.4126,2025-11-12 15:00:00,19.1,48,1017.3,5.4,14,0,10000.0,Open-Meteo
Bhopal,23.2599,77.4126,2025-11-12 16:00:00,18.0,55,1017.3,4.4,9,0,10000.0,Open-Meteo
Bhopal,23.2599,77.4126,2025-11-12 17:00:00,17.6,54,1017.1,1.7,32,0,10000.0,Open-Meteo
Bhopal,23.2599,77.4126,2025-11-12 18:00:00,17.4,54,1017.1,1.0,338,0,10000.0,Open-Meteo
Bhopal,23.2599,77.4126,2025-11-12 19:00:00,16.0,56,1016.9,2.1,329,0,10000.0,Open-Meteo
Bhopal,23.2599,77.4126,2025-11-12 20:00:00,15.9,56,1016.5,1.9,338,0,10000.0,Open-Meteo
Bhopal,23.2599,77.4126,2025-11-12 21:00:00,15.1,56,1016.6,7.0,4,0,10000.0,Open-Meteo
Bhopal,23.2599,77.4126,2025-11-12 22:00:00,14.6,60,1016.6,6.6,351,0,10000.0,Open-Meteo
Bhopal,23.2599,77.4126,2025-11-12 23:00:00,13.8,66,1016.8,5.2,346,0,10000.0,Open-Meteo
Bhopal,23.2599,77.4126,2025-11-13 00:00:00,13.5,69,1017.4,5.6,2,0,10000.0,Open-Meteo
Bhopal,23.2599,77.4126,2025-11-13 01:00:00,13.2,73,1018.2,4.7,16,0,10000.0,Open-Meteo
Bhopal,23.2599,77.4126,2025-11-13 02:00:00,14.5,69,1019.2,5.0,49,0,10000.0,Open-Meteo
Bhopal,23.2599,77.4126,2025-11-13 03:00:00,17.6,60,1019.8,3.0,115,0,10000.0,Open-Meteo
Bhopal,23.2599,77.4126,2025-11-13 04:00:00,21.1,48,1020.1,2.8,117,0,10000.0,Open-Meteo
Bhopal,23.2599,77.4126,2025-11-13 05:00:00,23.8,37,1019.7,4.5,106,0,10000.0,Open-Meteo
Bhopal,23.2599,77.4126,2025-11-13 06:00:00,25.4,29,1018.9,3.8,73,0,10000.0,Open-Meteo
Bhopal,23.2599,77.4126,2025-11-13 07:00:00,26.5,27,1017.7,4.1,49,0,10000.0,Open-Meteo
Bhopal,23.2599,77.4126,2025-11-13 08:00:00,26.9,26,1016.7,5.1,42,0,10000.0,Open-Meteo
Bhopal,23.2599,77.4126,2025-11-13 09:00:00,27.0,26,1015.8,6.5,39,0,10000.0,Open-Meteo
Bhopal,23.2599,77.4126,2025-11-13 10:00:00,26.5,27,1015.6,8.3,39,0,10000.0,Open-Meteo
Bhopal,23.2599,77.4126,2025-11-13 11:00:00,25.5,29,1015.7,8.7,38,0,10000.0,Open-Meteo
Bhopal,23.2599,77.4126,2025-11-13 12:00:00,23.5,38,1016.0,7.2,39,0,10000.0,Open-Meteo
Bhopal,23.2599,77.4126,2025-11-13 13:00:00,21.9,44,1016.7,7.2,32,0,10000.0,Open-Meteo
Bhopal,23.2599,77.4126,2025-11-13 14:00:00,20.8,49,1017.2,6.5,46,0,10000.0,Open-Meteo
Bhopal,23.2599,77.4126,2025-11-13 15:00:00,19.7,52,1017.6,6.1,66,0,10000.0,Open-Meteo
Bhopal,23.2599,77.4126,2025-11-13 16:00:00,18.9,56,1017.5,5.1,54,0,10000.0,Open-Meteo
Bhopal,23.2599,77.4126,2025-11-13 17:00:00,18.1,58,1017.3,2.5,356,0,10000.0,Open-Meteo
Bhopal,23.2599,77.4126,2025-11-13 18:00:00,17.6,59,1017.2,2.9,11,0,10000.0,Open-Meteo
Bhopal,23.2599,77.4126,2025-11-13 19:00:00,15.8,62,1017.3,5.6,15,0,10000.0,Open-Meteo
Bhopal,23.2599,77.4126,2025-11-13 20:00:00,15.1,69,1017.0,5.1,8,0,10000.0,Open-Meteo
Bhopal,23.2599,77.4126,2025-11-13 21:00:00,15.0,70,1016.6,8.5,6,0,10000.0,Open-Meteo
Bhopal,23.2599,77.4126,2025-11-13 22:00:00,14.7,69,1016.6,9.6,3,0,10000.0,Open-Meteo
Bhopal,23.2599,77.4126,2025-11-13 23:00:00,14.4,70,1016.5,8.4,11,0,10000.0,Open-Meteo
Bhopal,23.2599,77.4126,2025-11-14 00:00:00,14.0,72,1017.2,8.0,18,0,10000.0,Open-Meteo
Bhopal,23.2599,77.4126,2025-11-14 01:00:00,13.9,73,1018.0,7.4,22,0,10000.0,Open-Meteo
Bhopal,23.2599,77.4126,2025-11-14 02:00:00,14.5,71,1018.8,8.2,29,0,10000.0,Open-Meteo
Bhopal,23.2599,77.4126,2025-11-14 03:00:00,17.4,62,1019.5,4.8,45,0,10000.0,Open-Meteo
Bhopal,23.2599,77.4126,2025-11-14 04:00:00,20.9,50,1019.8,4.5,74,0,10000.0,Open-Meteo
Bhopal,23.2599,77.4126,2025-11-14 05:00:00,23.4,40,1019.2,6.2,100,0,10000.0,Open-Meteo
Bhopal,23.2599,77.4126,2025-11-14 06:00:00,24.8,34,1018.1,7.0,100,0,10000.0,Open-Meteo
Bhopal,23.2599,77.4126,2025-11-14 07:00:00,25.6,32,1016.9,5.9,88,0,10000.0,Open-Meteo
Bhopal,23.2599,77.4126,2025-11-14 08:00:00,26.0,31,1015.8,5.3,78,0,10000.0,Open-Meteo
Bhopal,23.2599,77.4126,2025-11-14 09:00:00,26.1,31,1015.1,5.6,61,0,10000.0,Open-Meteo
Bhopal,23.2599,77.4126,2025-11-14 10:00:00,25.7,32,1014.7,6.5,51,0,10000.0,Open-Meteo
Bhopal,23.2599,77.4126,2025-11-14 11:00:00,24.9,33,1015.0,7.5,48,0,10000.0,Open-Meteo
Bhopal,23.2599,77.4126,2025-11-14 12:00:00,22.9,41,1015.6,6.9,47,0,10000.0,Open-Meteo
Bhopal,23.2599,77.4126,2025-11-14 13:00:00,21.4,46,1016.2,8.3,33,0,10000.0,Open-Meteo
Bhopal,23.2599,77.4126,2025-11-14 14:00:00,20.1,51,1016.8,8.4,31,0,10000.0,Open-Meteo
Bhopal,23.2599,77.4126,2025-11-14 15:00:00,19.3,53,1017.3,8.3,42,0,10000.0,Open-Meteo
Bhopal,23.2599,77.4126,2025-11-14 16:00:00,18.9,50,1017.4,7.9,57,0,10000.0,Open-Meteo
Bhopal,23.2599,77.4126,2025-11-14 17:00:00,18.0,52,1017.2,6.0,65,0,10000.0,Open-Meteo
Bhopal,23.2599,77.4126,2025-11-14 18:00:00,16.9,55,1016.9,5.1,45,0,10000.0,Open-Meteo
Bhopal,23.2599,77.4126,2025-11-14 19:00:00,15.8,59,1017.2,7.3,25,0,10000.0,Open-Meteo
Bhopal,23.2599,77.4126,2025-11-14 20:00:00,14.9,62,1017.1,6.8,27,0,10000.0,Open-Meteo
Bhopal,23.2599,77.4126,2025-11-14 21:00:00,14.5,63,1016.8,7.0,29,0,10000.0,Open-Meteo
Bhopal,23.2599,77.4126,2025-11-14 22:00:00,14.0,64,1016.7,6.9,23,0,10000.0,Open-Meteo
Bhopal,23.2599,77.4126,2025-11-14 23:00:00,13.6,65,1016.8,6.8,27,0,10000.0,Open-Meteo
Ujjain,23.1765,75.7885,2025-11-09 00:00:00,12.0,72,1015.7,3.5,129,0,10000.0,Open-Meteo
Ujjain,23.1765,75.7885,2025-11-09 01:00:00,11.3,74,1016.4,3.9,146,0,10000.0,Open-Meteo
Ujjain,23.1765,75.7885,2025-11-09 02:00:00,13.2,69,1017.2,5.1,153,0,10000.0,Open-Meteo
Ujjain,23.1765,75.7885,2025-11-09 03:00:00,17.3,56,1017.5,4.0,150,0,10000.0,Open-Meteo
Ujjain,23.1765,75.7885,2025-11-09 04:00:00,21.4,40,1017.9,3.2,133,0,10000.0,Open-Meteo
Ujjain,23.1765,75.7885,2025-11-09 05:00:00,23.4,31,1017.6,4.4,83,0,10000.0,Open-Meteo
Ujjain,23.1765,75.7885,2025-11-09 06:00:00,25.1,27,1016.1,7.3,50,0,10000.0,Open-Meteo
Ujjain,23.1765,75.7885,2025-11-09 07:00:00,26.0,26,1015.1,7.1,41,0,10000.0,Open-Meteo
Ujjain,23.1765,75.7885,2025-11-09 08:00:00,26.3,25,1014.2,7.4,32,0,10000.0,Open-Meteo
Ujjain,23.1765,75.7885,2025-11-09 09:00:00,26.3,26,1013.4,7.6,27,0,10000.0,Open-Meteo
Ujjain,23.1765,75.7885,2025-11-09 10:00:00,25.9,27,1013.1,7.5,24,0,10000.0,Open-Meteo
Ujjain,23.1765,75.7885,2025-11-09 11:00:00,24.9,32,1013.0,5.6,31,0,10000.0,Open-Meteo
Ujjain,23.1765,75.7885,2025-11-09 12:00:00,22.1,48,1013.3,4.5,53,0,10000.0,Open-Meteo
Ujjain,23.1765,75.7885,2025-11-09 13:00:00,19.9,52,1013.4,5.2,65,0,10000.0,Open-Meteo
Ujjain,23.1765,75.7885,2025-11-09 14:00:00,18.5,55,1014.1,5.6,73,0,10000.0,Open-Meteo
Ujjain,23.1765,75.7885,2025-11-09 15:00:00,17.4,58,1014.7,4.7,58,0,10000.0,Open-Meteo
Ujjain,23.1765,75.7885,2025-11-09 16:00:00,16.3,61,1014.9,4.3,22,0,10000.0,Open-Meteo
Ujjain,23.1765,75.7885,2025-11-09 17:00:00,15.8,63,1015.0,2.3,32,0,10000.0,Open-Meteo
Ujjain,23.1765,75.7885,2025-11-09 18:00:00,15.8,62,1014.7,2.1,59,0,10000.0,Open-Meteo
Ujjain,23.1765,75.7885,2025-11-09 19:00:00,14.3,65,1014.1,3.7,113,0,10000.0,Open-Meteo
Ujjain,23.1765,75.7885,2025-11-09 20:00:00,13.3,69,1014.0,5.5,117,0,10000.0,Open-Meteo
Ujjain,23.1765,75.7885,2025-11-09 21:00:00,12.7,71,1013.9,3.8,131,0,10000.0,Open-Meteo
Ujjain,23.1765,75.7885,2025-11-09 22:00:00,12.2,73,1013.9,3.1,159,0,10000.0,Open-Meteo
Ujjain,23.1765,75.7885,2025-11-09 23:00:00,12.0,73,1014.1,1.8,174,0,10000.0,Open-Meteo
Ujjain,23.1765,75.7885,2025-11-10 00:00:00,12.0,75,1014.4,1.1,162,0,10000.0,Open-Meteo
Ujjain,23.1765,75.7885,2025-11-10 01:00:00,11.3,78,1015.0,3.3,151,0,10000.0,Open-Meteo
Ujjain,23.1765,75.7885,2025-11-10 02:00:00,13.0,73,1015.9,6.9,157,0,10000.0,Open-Meteo
Ujjain,23.1765,75.7885,2025-11-10 03:00:00,17.5,58,1016.5,5.2,155,0,10000.0,Open-Meteo
Ujjain,23.1765,75.7885,2025-11-10 04:00:00,21.7,46,1016.9,3.3,151,0,10000.0,Open-Meteo
Ujjain,23.1765,75.7885,2025-11-10 05:00:00,24.4,29,1016.9,4.0,122,0,10000.0,Open-Meteo
Ujjain,23.1765,75.7885,2025-11-10 06:00:00,25.5,25,1015.7,2.8,105,0,10000.0,Open-Meteo
Ujjain,23.1765,75.7885,2025-11-10 07:00:00,26.4,23,1014.6,1.6,90,0,10000.0,Open-Meteo
Ujjain,23.1765,75.7885,2025-11-10 08:00:00,26.8,23,1013.8,1.1,18,0,10000.0,Open-Meteo
Ujjain,23.1765,75.7885,2025-11-10 09:00:00,26.8,23,1012.9,2.5,360,0,10000.0,Open-Meteo
Ujjain,23.1765,75.7885,2025-11-10 10:00:00,26.5,24,1012.8,4.5,2,0,10000.0,Open-Meteo
Ujjain,23.1765,75.7885,2025-11-10 11:00:00,25.5,26,1012.9,7.2,1,0,10000.0,Open-Meteo
Ujjain,23.1765,75.7885,2025-11-10 12:00:00,23.2,32,1013.3,6.7,355,0,10000.0,Open-Meteo
Ujjain,23.1765,75.7885,2025-11-10 13:00:00,21.4,33,1013.6,5.6,338,0,10000.0,Open-Meteo
Ujjain,23.1765,75.7885,2025-11-10 14:00:00,20.4,37,1014.1,4.3,2,0,10000.0,Open-Meteo
Ujjain,23.1765,75.7885,2025-11-10 15:00:00,18.7,42,1014.7,3.8,65,0,10000.0,Open-Meteo
Ujjain,23.1765,75.7885,2025-11-10 16:00:00,17.2,51,1014.9,4.4,83,0,10000.0,Open-Meteo
Ujjain,23.1765,75.7885,2025-11-10 17:00:00,16.5,56,1015.1,1.5,83,0,10000.0,Open-Meteo
Ujjain,23.1765,75.7885,2025-11-10 18:00:00,16.2,60,1014.9,0.9,127,0,10000.0,Open-Meteo
Ujjain,23.1765,75.7885,2025-11-10 19:00:00,14.5,65,1014.8,1.8,169,0,10000.0,Open-Meteo
Ujjain,23.1765,75.7885,2025-11-10 20:00:00,13.3,72,1014.7,2.9,180,0,10000.0,Open-Meteo
Ujjain,23.1765,75.7885,2025-11-10 21:00:00,12.8,76,1014.5,3.1,183,0,10000.0,Open-Meteo
Ujjain,23.1765,75.7885,2025-11-10 22:00:00,12.6,76,1014.6,1.3,172,0,10000.0,Open-Meteo
Ujjain,23.1765,75.7885,2025-11-10 23:00:00,12.3,75,1014.8,2.7,160,0,10000.0,Open-Meteo
Ujjain,23.1765,75.7885,2025-11-11 00:00:00,12.5,74,1015.0,2.7,132,0,10000.0,Open-Meteo
Ujjain,23.1765,75.7885,2025-11-11 01:00:00,11.7,77,1015.9,2.0,85,0,10000.0,Open-Meteo
Ujjain,23.1765,75.7885,2025-11-11 02:00:00,13.0,73,1016.8,2.7,122,0,10000.0,Open-Meteo
Ujjain,23.1765,75.7885,2025-11-11 03:00:00,17.6,59,1017.2,3.8,149,0,10000.0,Open-Meteo
Ujjain,23.1765,75.7885,2025-11-11 04:00:00,21.8,42,1017.7,2.7,143,0,10000.0,Open-Meteo
Ujjain,23.1765,75.7885,2025-11-11 05:00:00,24.3,32,1017.4,2.6,129,0,10000.0,Open-Meteo
Ujjain,23.1765,75.7885,2025-11-11 06:00:00,25.7,26,1016.6,2.9,60,0,10000.0,Open-Meteo
Ujjain,23.1765,75.7885,2025-11-11 07:00:00,26.6,25,1015.7,3.5,28,0,10000.0,Open-Meteo
Ujjain,23.1765,75.7885,2025-11-11 08:00:00,26.9,25,1014.8,5.1,8,0,10000.0,Open-Meteo
Ujjain,23.1765,75.7885,2025-11-11 09:00:00,26.8,25,1014.1,6.3,2,0,10000.0,Open-Meteo
Ujjain,23.1765,75.7885,2025-11-11 10:00:00,26.4,25,1013.8,6.7,3,0,10000.0,Open-Meteo
Ujjain,23.1765,75.7885,2025-11-11 11:00:00,25.6,28,1013.9,6.0,355,0,10000.0,Open-Meteo
Ujjain,23.1765,75.7885,2025-11-11 12:00:00,23.4,38,1014.1,4.5,323,0,10000.0,Open-Meteo
Ujjain,23.1765,75.7885,2025-11-11 13:00:00,21.3,42,1014.6,5.0,345,0,10000.0,Open-Meteo
Ujjain,23.1765,75.7885,2025-11-11 14:00:00,20.0,49,1015.3,5.5,41,0,10000.0,Open-Meteo
Ujjain,23.1765,75.7885,2025-11-11 15:00:00,18.8,52,1015.9,5.7,66,0,10000.0,Open-Meteo
Ujjain,23.1765,75.7885,2025-11-11 16:00:00,17.4,57,1016.0,4.2,47,0,10000.0,Open-Meteo
Ujjain,23.1765,75.7885,2025-11-11 17:00:00,16.6,59,1016.3,4.0,27,0,10000.0,Open-Meteo
Ujjain,23.1765,75.7885,2025-11-11 18:00:00,16.8,59,1016.2,2.9,22,0,10000.0,Open-Meteo
Ujjain,23.1765,75.7885,2025-11-11 19:00:00,15.8,61,1015.7,2.9,90,0,10000.0,Open-Meteo
Ujjain,23.1765,75.7885,2025-11-11 20:00:00,14.9,65,1015.7,3.0,115,0,10000.0,Open-Meteo
Ujjain,23.1765,75.7885,2025-11-11 21:00:00,14.1,68,1015.7,2.9,150,0,10000.0,Open-Meteo
Ujjain,23.1765,75.7885,2025-11-11 22:00:00,13.8,69,1015.6,3.2,153,0,10000.0,Open-Meteo
Ujjain,23.1765,75.7885,2025-11-11 23:00:00,13.7,69,1015.7,2.4,103,0,10000.0,Open-Meteo
Ujjain,23.1765,75.7885,2025-11-12 00:00:00,13.3,71,1016.1,4.6,72,0,10000.0,Open-Meteo
Ujjain,23.1765,75.7885,2025-11-12 01:00:00,12.6,74,1016.7,4.5,97,0,10000.0,Open-Meteo
Ujjain,23.1765,75.7885,2025-11-12 02:00:00,14.1,70,1017.6,6.1,122,0,10000.0,Open-Meteo
Ujjain,23.1765,75.7885,2025-11-12 03:00:00,17.7,57,1018.1,4.3,123,0,10000.0,Open-Meteo
Ujjain,23.1765,75.7885,2025-11-12 04:00:00,21.6,45,1018.6,3.5,125,0,10000.0,Open-Meteo
Ujjain,23.1765,75.7885,2025-11-12 05:00:00,24.2,35,1018.3,3.8,101,0,10000.0,Open-Meteo
Ujjain,23.1765,75.7885,2025-11-12 06:00:00,25.9,28,1017.4,5.2,56,0,10000.0,Open-Meteo
Ujjain,23.1765,75.7885,2025-11-12 07:00:00,26.6,27,1016.6,4.9,33,0,10000.0,Open-Meteo
Ujjain,23.1765,75.7885,2025-11-12 08:00:00,26.8,27,1015.9,5.6,21,0,10000.0,Open-Meteo
Ujjain,23.1765,75.7885,2025-11-12 09:00:00,26.7,27,1015.2,6.0,16,0,10000.0,Open-Meteo
Ujjain,23.1765,75.7885,2025-11-12 10:00:00,26.4,28,1015.1,6.0,21,0,10000.0,Open-Meteo
Ujjain,23.1765,75.7885,2025-11-12 11:00:00,25.5,29,1015.3,5.7,32,0,10000.0,Open-Meteo
Ujjain,23.1765,75.7885,2025-11-12 12:00:00,23.3,39,1015.6,6.7,34,0,10000.0,Open-Meteo
Ujjain,23.1765,75.7885,2025-11-12 13:00:00,21.6,42,1016.1,9.7,43,0,10000.0,Open-Meteo
Ujjain,23.1765,75.7885,2025-11-12 14:00:00,20.4,41,1016.7,9.7,61,0,10000.0,Open-Meteo
Ujjain,23.1765,75.7885,2025-11-12 15:00:00,19.6,41,1017.2,9.2,74,0,10000.0,Open-Meteo
Ujjain,23.1765,75.7885,2025-11-12 16:00:00,18.7,44,1017.4,8.1,84,0,10000.0,Open-Meteo
Ujjain,23.1765,75.7885,2025-11-12 17:00:00,17.5,49,1017.3,6.5,87,0,10000.0,Open-Meteo
Ujjain,23.1765,75.7885,2025-11-12 18:00:00,16.9,53,1017.3,5.1,94,0,10000.0,Open-Meteo
Ujjain,23.1765,75.7885,2025-11-12 19:00:00,15.1,61,1017.1,4.1,75,0,10000.0,Open-Meteo
Ujjain,23.1765,75.7885,2025-11-12 20:00:00,13.9,68,1016.8,5.6,50,0,10000.0,Open-Meteo
Ujjain,23.1765,75.7885,2025-11-12 21:00:00,13.8,67,1016.7,6.0,61,0,10000.0,Open-Meteo
Ujjain,23.1765,75.7885,2025-11-12 22:00:00,13.6,65,1016.6,6.1,56,0,10000.0,Open-Meteo
Ujjain,23.1765,75.7885,2025-11-12 23:00:00,13.4,65,1016.8,6.2,69,0,10000.0,Open-Meteo
Ujjain,23.1765,75.7885,2025-11-13 00:00:00,14.0,61,1017.5,6.9,75,0,10000.0,Open-Meteo
Ujjain,23.1765,75.7885,2025-11-13 01:00:00,13.2,66,1018.1,6.1,88,0,10000.0,Open-Meteo
Ujjain,23.1765,75.7885,2025-11-13 02:00:00,14.4,64,1019.1,7.9,103,0,10000.0,Open-Meteo
Ujjain,23.1765,75.7885,2025-11-13 03:00:00,17.8,55,1019.7,5.9,102,0,10000.0,Open-Meteo
Ujjain,23.1765,75.7885,2025-11-13 04:00:00,21.6,45,1020.1,4.2,100,0,10000.0,Open-Meteo
Ujjain,23.1765,75.7885,2025-11-13 05:00:00,24.3,34,1019.8,6.2,80,0,10000.0,Open-Meteo
Ujjain,23.1765,75.7885,2025-11-13 06:00:00,26.0,27,1019.0,8.5,54,0,10000.0,Open-Meteo
Ujjain,23.1765,75.7885,2025-11-13 07:00:00,26.5,27,1017.9,8.5,44,0,10000.0,Open-Meteo
Ujjain,23.1765,75.7885,2025-11-13 08:00:00,26.8,27,1017.0,8.9,36,0,10000.0,Open-Meteo
Ujjain,23.1765,75.7885,2025-11-13 09:00:00,26.7,27,1016.1,9.3,34,0,10000.0,Open-Meteo
Ujjain,23.1765,75.7885,2025-11-13 10:00:00,26.3,27,1015.7,9.4,38,0,10000.0,Open-Meteo
Ujjain,23.1765,75.7885,2025-11-13 11:00:00,25.4,30,1015.8,8.1,45,0,10000.0,Open-Meteo
Ujjain,23.1765,75.7885,2025-11-13 12:00:00,23.3,39,1016.1,6.5,56,0,10000.0,Open-Meteo
Ujjain,23.1765,75.7885,2025-11-13 13:00:00,21.9,41,1016.6,8.0,63,0,10000.0,Open-Meteo
Ujjain,23.1765,75.7885,2025-11-13 14:00:00,20.8,43,1017.2,7.1,75,0,10000.0,Open-Meteo
Ujjain,23.1765,75.7885,2025-11-13 15:00:00,19.3,49,1017.6,5.6,83,0,10000.0,Open-Meteo
Ujjain,23.1765,75.7885,2025-11-13 16:00:00,18.0,54,1017.9,6.5,51,0,10000.0,Open-Meteo
Ujjain,23.1765,75.7885,2025-11-13 17:00:00,17.9,54,1017.8,9.3,54,0,10000.0,Open-Meteo
Ujjain,23.1765,75.7885,2025-11-13 18:00:00,17.9,54,1017.6,10.3,54,0,10000.0,Open-Meteo
Ujjain,23.1765,75.7885,2025-11-13 19:00:00,16.3,60,1017.3,10.0,62,0,10000.0,Open-Meteo
Ujjain,23.1765,75.7885,2025-11-13 20:00:00,15.6,64,1017.1,10.0,69,0,10000.0,Open-Meteo
Ujjain,23.1765,75.7885,2025-11-13 21:00:00,15.2,65,1016.7,9.5,65,0,10000.0,Open-Meteo
Ujjain,23.1765,75.7885,2025-11-13 22:00:00,14.8,66,1016.8,8.6,74,0,10000.0,Open-Meteo
Ujjain,23.1765,75.7885,2025-11-13 23:00:00,14.3,68,1016.7,8.3,77,0,10000.0,Open-Meteo
Ujjain,23.1765,75.7885,2025-11-14 00:00:00,14.3,66,1017.3,9.9,75,0,10000.0,Open-Meteo
Ujjain,23.1765,75.7885,2025-11-14 01:00:00,13.9,68,1018.1,9.3,77,0,10000.0,Open-Meteo
Ujjain,23.1765,75.7885,2025-11-14 02:00:00,14.4,67,1018.8,9.9,80,0,10000.0,Open-Meteo
Ujjain,23.1765,75.7885,2025-11-14 03:00:00,17.6,58,1019.4,7.2,87,0,10000.0,Open-Meteo
Ujjain,23.1765,75.7885,2025-11-14 04:00:00,21.1,48,1019.6,5.8,81,0,10000.0,Open-Meteo
Ujjain,23.1765,75.7885,2025-11-14 05:00:00,23.9,38,1019.0,8.1,78,0,10000.0,Open-Meteo
Ujjain,23.1765,75.7885,2025-11-14 06:00:00,25.3,33,1018.0,7.8,77,0,10000.0,Open-Meteo
Ujjain,23.1765,75.7885,2025-11-14 07:00:00,25.9,31,1016.8,6.0,63,0,10000.0,Open-Meteo
Ujjain,23.1765,75.7885,2025-11-14 08:00:00,26.3,30,1015.7,5.7,46,0,10000.0,Open-Meteo
Ujjain,23.1765,75.7885,2025-11-14 09:00:00,26.3,31,1015.0,6.7,31,0,10000.0,Open-Meteo
Ujjain,23.1765,75.7885,2025-11-14 10:00:00,25.9,31,1014.6,7.7,25,0,10000.0,Open-Meteo
Ujjain,23.1765,75.7885,2025-11-14 11:00:00,25.0,33,1014.8,8.2,19,0,10000.0,Open-Meteo
Ujjain,23.1765,75.7885,2025-11-14 12:00:00,22.8,43,1015.4,8.0,23,0,10000.0,Open-Meteo
Ujjain,23.1765,75.7885,2025-11-14 13:00:00,21.0,48,1016.0,10.6,42,0,10000.0,Open-Meteo
Ujjain,23.1765,75.7885,2025-11-14 14:00:00,20.0,48,1016.6,10.5,49,0,10000.0,Open-Meteo
Ujjain,23.1765,75.7885,2025-11-14 15:00:00,19.1,51,1017.1,10.4,54,0,10000.0,Open-Meteo
Ujjain,23.1765,75.7885,2025-11-14 16:00:00,18.4,53,1017.3,10.8,54,0,10000.0,Open-Meteo
Ujjain,23.1765,75.7885,2025-11-14 17:00:00,17.6,55,1017.3,12.5,40,0,10000.0,Open-Meteo
Ujjain,23.1765,75.7885,2025-11-14 18:00:00,17.0,49,1017.1,12.0,45,0,10000.0,Open-Meteo
Ujjain,23.1765,75.7885,2025-11-14 19:00:00,16.3,49,1017.0,11.6,51,0,10000.0,Open-Meteo
Ujjain,23.1765,75.7885,2025-11-14 20:00:00,15.6,50,1017.0,10.8,60,0,10000.0,Open-Meteo
Ujjain,23.1765,75.7885,2025-11-14 21:00:00,14.9,53,1017.0,8.7,69,0,10000.0,Open-Meteo
Ujjain,23.1765,75.7885,2025-11-14 22:00:00,14.3,56,1016.8,8.1,69,0,10000.0,Open-Meteo
Ujjain,23.1765,75.7885,2025-11-14 23:00:00,13.9,57,1016.9,7.9,66,0,10000.0,Open-Meteo
Dewas,22.9676,76.0534,2025-11-09 00:00:00,12.7,63,1015.8,3.3,54,0,10000.0,Open-Meteo
Dewas,22.9676,76.0534,2025-11-09 01:00:00,12.7,62,1016.4,3.0,52,0,10000.0,Open-Meteo
Dewas,22.9676,76.0534,2025-11-09 02:00:00,14.6,65,1017.2,3.8,59,0,10000.0,Open-Meteo
Dewas,22.9676,76.0534,2025-11-09 03:00:00,18.3,54,1017.6,4.0,63,0,10000.0,Open-Meteo
Dewas,22.9676,76.0534,2025-11-09 04:00:00,21.4,39,1018.0,4.8,70,0,10000.0,Open-Meteo
Dewas,22.9676,76.0534,2025-11-09 05:00:00,23.0,32,1017.6,7.6,62,0,10000.0,Open-Meteo
Dewas,22.9676,76.0534,2025-11-09 06:00:00,24.6,28,1016.1,9.2,48,0,10000.0,Open-Meteo
Dewas,22.9676,76.0534,2025-11-09 07:00:00,25.4,26,1015.2,9.3,44,0,10000.0,Open-Meteo
Dewas,22.9676,76.0534,2025-11-09 08:00:00,25.7,26,1014.2,9.1,39,0,10000.0,Open-Meteo
Dewas,22.9676,76.0534,2025-11-09 09:00:00,25.7,27,1013.4,9.3,34,0,10000.0,Open-Meteo
Dewas,22.9676,76.0534,2025-11-09 10:00:00,25.3,28,1013.1,9.5,29,0,10000.0,Open-Meteo
Dewas,22.9676,76.0534,2025-11-09 11:00:00,24.1,36,1013.0,7.3,30,0,10000.0,Open-Meteo
Dewas,22.9676,76.0534,2025-11-09 12:00:00,20.7,49,1013.4,6.2,36,0,10000.0,Open-Meteo
Dewas,22.9676,76.0534,2025-11-09 13:00:00,18.8,52,1013.6,6.9,25,0,10000.0,Open-Meteo
Dewas,22.9676,76.0534,2025-11-09 14:00:00,17.9,52,1014.3,7.3,16,0,10000.0,Open-Meteo
Dewas,22.9676,76.0534,2025-11-09 15:00:00,17.3,51,1014.7,7.2,13,0,10000.0,Open-Meteo
Dewas,22.9676,76.0534,2025-11-09 16:00:00,17.0,51,1014.9,6.7,20,0,10000.0,Open-Meteo
Dewas,22.9676,76.0534,2025-11-09 17:00:00,16.7,51,1014.9,4.9,33,0,10000.0,Open-Meteo
Dewas,22.9676,76.0534,2025-11-09 18:00:00,15.1,59,1014.8,5.9,59,0,10000.0,Open-Meteo
Dewas,22.9676,76.0534,2025-11-09 19:00:00,14.2,63,1014.3,3.9,62,0,10000.0,Open-Meteo
Dewas,22.9676,76.0534,2025-11-09 20:00:00,13.9,63,1014.1,4.4,63,0,10000.0,Open-Meteo
Dewas,22.9676,76.0534,2025-11-09 21:00:00,13.9,64,1013.8,4.0,60,0,10000.0,Open-Meteo
Dewas,22.9676,76.0534,2025-11-09 22:00:00,13.9,63,1013.8,3.5,66,0,10000.0,Open-Meteo
Dewas,22.9676,76.0534,2025-11-09 23:00:00,13.6,64,1013.9,3.0,107,0,10000.0,Open-Meteo
Dewas,22.9676,76.0534,2025-11-10 00:00:00,13.0,69,1014.3,3.8,107,0,10000.0,Open-Meteo
Dewas,22.9676,76.0534,2025-11-10 01:00:00,12.8,70,1015.0,2.9,133,0,10000.0,Open-Meteo
Dewas,22.9676,76.0534,2025-11-10 02:00:00,15.0,68,1015.8,2.7,127,0,10000.0,Open-Meteo
Dewas,22.9676,76.0534,2025-11-10 03:00:00,19.0,57,1016.5,4.2,108,0,10000.0,Open-Meteo
Dewas,22.9676,76.0534,2025-11-10 04:00:00,22.7,41,1016.9,3.5,114,0,10000.0,Open-Meteo
Dewas,22.9676,76.0534,2025-11-10 05:00:00,24.1,27,1016.8,4.8,105,0,10000.0,Open-Meteo
Dewas,22.9676,76.0534,2025-11-10 06:00:00,25.0,24,1015.8,3.5,111,0,10000.0,Open-Meteo
Dewas,22.9676,76.0534,2025-11-10 07:00:00,25.8,25,1014.7,2.9,112,0,10000.0,Open-Meteo
Dewas,22.9676,76.0534,2025-11-10 08:00:00,26.1,25,1013.9,2.0,85,0,10000.0,Open-Meteo
Dewas,22.9676,76.0534,2025-11-10 09:00:00,26.1,25,1013.1,2.6,39,0,10000.0,Open-Meteo
Dewas,22.9676,76.0534,2025-11-10 10:00:00,25.8,25,1012.9,3.8,25,0,10000.0,Open-Meteo
Dewas,22.9676,76.0534,2025-11-10 11:00:00,24.5,37,1013.0,3.5,39,0,10000.0,Open-Meteo
Dewas,22.9676,76.0534,2025-11-10 12:00:00,22.0,44,1013.3,3.4,106,0,10000.0,Open-Meteo
Dewas,22.9676,76.0534,2025-11-10 13:00:00,19.8,46,1013.6,5.0,77,0,10000.0,Open-Meteo
Dewas,22.9676,76.0534,2025-11-10 14:00:00,18.3,51,1014.3,7.3,36,0,10000.0,Open-Meteo
Dewas,22.9676,76.0534,2025-11-10 15:00:00,17.8,48,1014.8,8.1,35,0,10000.0,Open-Meteo
Dewas,22.9676,76.0534,2025-11-10 16:00:00,17.0,48,1014.9,7.3,52,0,10000.0,Open-Meteo
Dewas,22.9676,76.0534,2025-11-10 17:00:00,16.7,48,1015.1,3.6,84,0,10000.0,Open-Meteo
Dewas,22.9676,76.0534,2025-11-10 18:00:00,15.4,56,1015.0,3.9,112,0,10000.0,Open-Meteo
Dewas,22.9676,76.0534,2025-11-10 19:00:00,14.1,62,1014.7,4.0,120,0,10000.0,Open-Meteo
Dewas,22.9676,76.0534,2025-11-10 20:00:00,14.1,62,1014.6,1.3,172,0,10000.0,Open-Meteo
Dewas,22.9676,76.0534,2025-11-10 21:00:00,13.8,63,1014.5,0.6,236,0,10000.0,Open-Meteo
Dewas,22.9676,76.0534,2025-11-10 22:00:00,13.2,66,1014.5,0.5,270,0,10000.0,Open-Meteo
Dewas,22.9676,76.0534,2025-11-10 23:00:00,13.1,66,1014.7,0.5,270,0,10000.0,Open-Meteo
Dewas,22.9676,76.0534,2025-11-11 00:00:00,13.1,67,1015.2,2.4,63,0,10000.0,Open-Meteo
Dewas,22.9676,76.0534,2025-11-11 01:00:00,12.9,66,1015.9,2.4,63,0,10000.0,Open-Meteo
Dewas,22.9676,76.0534,2025-11-11 02:00:00,14.9,67,1016.6,3.3,77,0,10000.0,Open-Meteo
Dewas,22.9676,76.0534,2025-11-11 03:00:00,19.0,56,1017.2,4.2,80,0,10000.0,Open-Meteo
Dewas,22.9676,76.0534,2025-11-11 04:00:00,22.2,40,1017.7,3.1,93,0,10000.0,Open-Meteo
Dewas,22.9676,76.0534,2025-11-11 05:00:00,24.1,30,1017.4,4.3,90,0,10000.0,Open-Meteo
Dewas,22.9676,76.0534,2025-11-11 06:00:00,25.1,27,1016.7,4.5,85,0,10000.0,Open-Meteo
Dewas,22.9676,76.0534,2025-11-11 07:00:00,25.8,27,1015.8,3.5,81,0,10000.0,Open-Meteo
Dewas,22.9676,76.0534,2025-11-11 08:00:00,26.1,28,1014.9,2.7,67,0,10000.0,Open-Meteo
Dewas,22.9676,76.0534,2025-11-11 09:00:00,26.2,28,1014.1,2.9,60,0,10000.0,Open-Meteo
Dewas,22.9676,76.0534,2025-11-11 10:00:00,26.0,29,1013.8,4.6,59,0,10000.0,Open-Meteo
Dewas,22.9676,76.0534,2025-11-11 11:00:00,24.9,36,1013.8,5.4,60,0,10000.0,Open-Meteo
Dewas,22.9676,76.0534,2025-11-11 12:00:00,21.6,48,1014.2,5.8,86,0,10000.0,Open-Meteo
Dewas,22.9676,76.0534,2025-11-11 13:00:00,19.7,51,1014.8,6.1,62,0,10000.0,Open-Meteo
Dewas,22.9676,76.0534,2025-11-11 14:00:00,18.7,50,1015.4,7.7,37,0,10000.0,Open-Meteo
Dewas,22.9676,76.0534,2025-11-11 15:00:00,18.5,46,1015.9,8.9,36,0,10000.0,Open-Meteo
Dewas,22.9676,76.0534,2025-11-11 16:00:00,17.5,49,1016.0,6.8,35,0,10000.0,Open-Meteo
Dewas,22.9676,76.0534,2025-11-11 17:00:00,16.9,52,1016.2,6.1,45,0,10000.0,Open-Meteo
Dewas,22.9676,76.0534,2025-11-11 18:00:00,16.8,54,1016.1,3.7,76,0,10000.0,Open-Meteo
Dewas,22.9676,76.0534,2025-11-11 19:00:00,15.7,58,1015.7,2.9,60,0,10000.0,Open-Meteo
Dewas,22.9676,76.0534,2025-11-11 20:00:00,14.7,63,1015.7,3.6,37,0,10000.0,Open-Meteo
Dewas,22.9676,76.0534,2025-11-11 21:00:00,14.2,67,1015.6,4.2,31,0,10000.0,Open-Meteo
Dewas,22.9676,76.0534,2025-11-11 22:00:00,14.2,67,1015.5,3.8,45,0,10000.0,Open-Meteo
Dewas,22.9676,76.0534,2025-11-11 23:00:00,13.6,70,1015.7,4.8,61,0,10000.0,Open-Meteo
Dewas,22.9676,76.0534,2025-11-12 00:00:00,12.7,76,1016.2,5.7,72,0,10000.0,Open-Meteo
Dewas,22.9676,76.0534,2025-11-12 01:00:00,12.6,75,1016.8,4.7,99,0,10000.0,Open-Meteo
Dewas,22.9676,76.0534,2025-11-12 02:00:00,14.3,70,1017.5,5.2,92,0,10000.0,Open-Meteo
Dewas,22.9676,76.0534,2025-11-12 03:00:00,18.0,58,1018.1,4.8,79,0,10000.0,Open-Meteo
Dewas,22.9676,76.0534,2025-11-12 04:00:00,21.5,47,1018.6,4.0,82,0,10000.0,Open-Meteo
Dewas,22.9676,76.0534,2025-11-12 05:00:00,23.8,36,1018.4,5.7,79,0,10000.0,Open-Meteo
Dewas,22.9676,76.0534,2025-11-12 06:00:00,25.3,30,1017.4,5.6,61,0,10000.0,Open-Meteo
Dewas,22.9676,76.0534,2025-11-12 07:00:00,26.0,28,1016.6,4.9,51,0,10000.0,Open-Meteo
Dewas,22.9676,76.0534,2025-11-12 08:00:00,26.4,28,1015.9,4.8,42,0,10000.0,Open-Meteo
Dewas,22.9676,76.0534,2025-11-12 09:00:00,26.4,29,1015.2,5.7,37,0,10000.0,Open-Meteo
Dewas,22.9676,76.0534,2025-11-12 10:00:00,26.0,29,1015.0,7.1,36,0,10000.0,Open-Meteo
Dewas,22.9676,76.0534,2025-11-12 11:00:00,24.8,35,1015.3,7.5,40,0,10000.0,Open-Meteo
Dewas,22.9676,76.0534,2025-11-12 12:00:00,21.7,41,1015.6,8.5,46,0,10000.0,Open-Meteo
Dewas,22.9676,76.0534,2025-11-12 13:00:00,20.2,41,1016.2,8.3,44,0,10000.0,Open-Meteo
Dewas,22.9676,76.0534,2025-11-12 14:00:00,18.9,47,1016.8,8.0,25,0,10000.0,Open-Meteo
Dewas,22.9676,76.0534,2025-11-12 15:00:00,17.8,50,1017.4,7.2,28,0,10000.0,Open-Meteo
Dewas,22.9676,76.0534,2025-11-12 16:00:00,17.1,51,1017.6,7.0,35,0,10000.0,Open-Meteo
Dewas,22.9676,76.0534,2025-11-12 17:00:00,17.1,49,1017.4,5.1,42,0,10000.0,Open-Meteo
Dewas,22.9676,76.0534,2025-11-12 18:00:00,16.7,51,1017.4,4.6,42,0,10000.0,Open-Meteo
Dewas,22.9676,76.0534,2025-11-12 19:00:00,15.8,52,1017.1,3.8,45,0,10000.0,Open-Meteo
Dewas,22.9676,76.0534,2025-11-12 20:00:00,15.7,51,1016.6,3.5,39,0,10000.0,Open-Meteo
Dewas,22.9676,76.0534,2025-11-12 21:00:00,13.8,60,1016.9,7.5,30,0,10000.0,Open-Meteo
Dewas,22.9676,76.0534,2025-11-12 22:00:00,13.2,64,1016.7,5.8,34,0,10000.0,Open-Meteo
Dewas,22.9676,76.0534,2025-11-12 23:00:00,12.9,66,1016.9,5.0,44,0,10000.0,Open-Meteo
Dewas,22.9676,76.0534,2025-11-13 00:00:00,12.4,70,1017.6,6.7,52,0,10000.0,Open-Meteo
Dewas,22.9676,76.0534,2025-11-13 01:00:00,12.2,69,1018.2,7.1,60,0,10000.0,Open-Meteo
Dewas,22.9676,76.0534,2025-11-13 02:00:00,14.5,63,1019.1,6.9,67,0,10000.0,Open-Meteo
Dewas,22.9676,76.0534,2025-11-13 03:00:00,18.3,53,1019.7,6.9,83,0,10000.0,Open-Meteo
Dewas,22.9676,76.0534,2025-11-13 04:00:00,21.6,46,1020.1,5.8,88,0,10000.0,Open-Meteo
Dewas,22.9676,76.0534,2025-11-13 05:00:00,23.9,34,1019.8,7.9,77,0,10000.0,Open-Meteo
Dewas,22.9676,76.0534,2025-11-13 06:00:00,25.4,29,1019.1,9.3,58,0,10000.0,Open-Meteo
Dewas,22.9676,76.0534,2025-11-13 07:00:00,26.1,28,1017.9,9.4,48,0,10000.0,Open-Meteo
Dewas,22.9676,76.0534,2025-11-13 08:00:00,26.4,28,1017.0,9.9,37,0,10000.0,Open-Meteo
Dewas,22.9676,76.0534,2025-11-13 09:00:00,26.3,28,1016.0,10.8,32,0,10000.0,Open-Meteo
Dewas,22.9676,76.0534,2025-11-13 10:00:00,25.8,29,1015.8,11.1,32,0,10000.0,Open-Meteo
Dewas,22.9676,76.0534,2025-11-13 11:00:00,24.6,34,1015.9,9.0,35,0,10000.0,Open-Meteo
Dewas,22.9676,76.0534,2025-11-13 12:00:00,21.5,43,1016.2,6.9,43,0,10000.0,Open-Meteo
Dewas,22.9676,76.0534,2025-11-13 13:00:00,19.7,46,1016.7,7.1,52,0,10000.0,Open-Meteo
Dewas,22.9676,76.0534,2025-11-13 14:00:00,18.7,50,1017.3,6.9,51,0,10000.0,Open-Meteo
Dewas,22.9676,76.0534,2025-11-13 15:00:00,18.3,50,1017.7,5.5,63,0,10000.0,Open-Meteo
Dewas,22.9676,76.0534,2025-11-13 16:00:00,18.1,49,1017.7,5.0,77,0,10000.0,Open-Meteo
Dewas,22.9676,76.0534,2025-11-13 17:00:00,17.2,52,1017.5,5.1,36,0,10000.0,Open-Meteo
Dewas,22.9676,76.0534,2025-11-13 18:00:00,16.5,58,1017.5,10.5,17,0,10000.0,Open-Meteo
Dewas,22.9676,76.0534,2025-11-13 19:00:00,15.5,64,1017.3,9.6,38,0,10000.0,Open-Meteo
Dewas,22.9676,76.0534,2025-11-13 20:00:00,14.6,67,1017.2,8.0,50,0,10000.0,Open-Meteo
Dewas,22.9676,76.0534,2025-11-13 21:00:00,14.2,67,1016.8,8.0,54,0,10000.0,Open-Meteo
Dewas,22.9676,76.0534,2025-11-13 22:00:00,13.8,68,1016.8,7.6,45,0,10000.0,Open-Meteo
Dewas,22.9676,76.0534,2025-11-13 23:00:00,13.6,68,1016.7,7.6,45,0,10000.0,Open-Meteo
Dewas,22.9676,76.0534,2025-11-14 00:00:00,13.6,68,1017.3,9.2,50,0,10000.0,Open-Meteo
Dewas,22.9676,76.0534,2025-11-14 01:00:00,13.0,70,1018.1,7.6,59,0,10000.0,Open-Meteo
Dewas,22.9676,76.0534,2025-11-14 02:00:00,14.2,68,1018.8,8.1,59,0,10000.0,Open-Meteo
Dewas,22.9676,76.0534,2025-11-14 03:00:00,17.8,60,1019.4,6.9,65,0,10000.0,Open-Meteo
Dewas,22.9676,76.0534,2025-11-14 04:00:00,20.9,50,1019.7,6.1,78,0,10000.0,Open-Meteo
Dewas,22.9676,76.0534,2025-11-14 05:00:00,23.3,41,1019.1,7.4,90,0,10000.0,Open-Meteo
Dewas,22.9676,76.0534,2025-11-14 06:00:00,24.7,34,1018.1,7.9,90,0,10000.0,Open-Meteo
Dewas,22.9676,76.0534,2025-11-14 07:00:00,25.3,32,1016.8,6.4,80,0,10000.0,Open-Meteo
Dewas,22.9676,76.0534,2025-11-14 08:00:00,25.8,31,1015.7,5.2,68,0,10000.0,Open-Meteo
Dewas,22.9676,76.0534,2025-11-14 09:00:00,25.9,31,1015.1,5.2,49,0,10000.0,Open-Meteo
Dewas,22.9676,76.0534,2025-11-14 10:00:00,25.6,32,1014.6,6.2,46,0,10000.0,Open-Meteo
Dewas,22.9676,76.0534,2025-11-14 11:00:00,24.6,37,1014.8,6.6,47,0,10000.0,Open-Meteo
Dewas,22.9676,76.0534,2025-11-14 12:00:00,21.2,49,1015.4,6.1,45,0,10000.0,Open-Meteo
Dewas,22.9676,76.0534,2025-11-14 13:00:00,19.9,51,1016.0,8.6,37,0,10000.0,Open-Meteo
Dewas,22.9676,76.0534,2025-11-14 14:00:00,19.0,53,1016.6,9.3,34,0,10000.0,Open-Meteo
Dewas,22.9676,76.0534,2025-11-14 15:00:00,18.1,56,1017.2,8.4,47,0,10000.0,Open-Meteo
Dewas,22.9676,76.0534,2025-11-14 16:00:00,16.7,61,1017.4,6.7,70,0,10000.0,Open-Meteo
Dewas,22.9676,76.0534,2025-11-14 17:00:00,16.1,64,1017.2,6.0,74,0,10000.0,Open-Meteo
Dewas,22.9676,76.0534,2025-11-14 18:00:00,15.3,67,1017.1,6.3,59,0,10000.0,Open-Meteo
Dewas,22.9676,76.0534,2025-11-14 19:00:00,14.6,71,1017.2,7.2,37,0,10000.0,Open-Meteo
Dewas,22.9676,76.0534,2025-11-14 20:00:00,14.5,70,1017.1,8.3,46,0,10000.0,Open-Meteo
Dewas,22.9676,76.0534,2025-11-14 21:00:00,14.1,66,1016.8,7.8,38,0,10000.0,Open-Meteo
Dewas,22.9676,76.0534,2025-11-14 22:00:00,13.5,64,1016.6,7.5,35,0,10000.0,Open-Meteo
Dewas,22.9676,76.0534,2025-11-14 23:00:00,12.9,62,1016.7,7.4,41,0,10000.0,Open-Meteo
Indore,22.7196,75.8577,2025-11-14 07:04:25,27.09,32,1017.0,2.06,110,0,5000.0,OpenWeather
Bhopal,23.2599,77.4126,2025-11-14 07:07:26,24.88,26,1017.0,2.65,84,0,10000.0,OpenWeather
Ujjain,23.1765,75.7885,2025-11-14 07:07:26,25.72,23,1016.0,2.95,95,0,10000.0,OpenWeather
Dewas,22.9676,76.0534,2025-11-14 07:07:26,25.17,25,1017.0,2.84,93,0,10000.0,OpenWeather
Indore,22.7196,75.8577,2025-11-14 09:06:24,27.09,34,1015.0,2.06,50,0,5000.0,OpenWeather
Bhopal,23.2599,77.4126,2025-11-14 09:02:10,26.18,22,1015.0,1.03,60,0,5000.0,OpenWeather
Ujjain,23.1765,75.7885,2025-11-14 09:06:24,26.52,21,1015.0,2.36,79,0,10000.0,OpenWeather
Dewas,22.9676,76.0534,2025-11-14 09:06:24,25.93,23,1015.0,2.3,81,0,10000.0,OpenWeather
Indore,22.7196,75.8577,2025-11-14 10:17:57,27.09,34,1015.0,1.54,10,0,5000.0,OpenWeather
Bhopal,23.2599,77.4126,2025-11-14 10:17:57,25.18,25,1015.0,2.06,30,0,5000.0,OpenWeather
Ujjain,23.1765,75.7885,2025-11-14 10:17:58,26.47,22,1014.0,2.29,67,0,10000.0,OpenWeather
Dewas,22.9676,76.0534,2025-11-14 10:17:58,25.9,24,1015.0,2.23,70,0,10000.0,OpenWeather
Indore,22.7196,75.8577,2025-11-14 10:26:11,27.09,34,1015.0,1.54,10,0,5000.0,OpenWeather
Bhopal,23.2599,77.4126,2025-11-14 10:28:41,25.18,25,1015.0,2.06,30,0,5000.0,OpenWeather
Ujjain,23.1765,75.7885,2025-11-14 10:28:41,26.47,22,1014.0,2.29,67,0,10000.0,OpenWeather
Dewas,22.9676,76.0534,2025-11-14 10:28:41,25.9,24,1015.0,2.23,70,0,10000.0,OpenWeather
Bhopal,23.2599,77.4126,2025-11-14 10:32:48,25.15,25,1015.0,2.06,30,0,5000.0,OpenWeather
Indore,22.7196,75.8577,2025-11-14 10:30:00,27.09,34,1015.0,1.54,10,0,5000.0,OpenWeather
Ujjain,23.1765,75.7885,2025-11-14 10:34:50,25.85,24,1015.0,2.28,64,0,10000.0,OpenWeather
Dewas,22.9676,76.0534,2025-11-14 10:34:50,25.17,28,1015.0,2.12,64,0,10000.0,OpenWeather
Indore,22.7196,75.8577,2025-11-14 10:45:17,27.09,34,1015.0,1.54,80,0,5000.0,OpenWeather
Bhopal,23.2599,77.4126,2025-11-14 10:44:20,26.18,21,1015.0,2.06,60,0,5000.0,OpenWeather
Ujjain,23.1765,75.7885,2025-11-14 10:45:19,25.85,24,1015.0,2.28,64,0,10000.0,OpenWeather
Dewas,22.9676,76.0534,2025-11-14 10:45:19,25.17,28,1015.0,2.12,64,0,10000.0,OpenWeather
Indore,22.7196,75.8577,2025-11-16 01:30:00,12.09,66,1021.0,2.06,70,0,3000.0,OpenWeather
Bhopal,23.2599,77.4126,2025-11-16 01:31:00,11.18,54,1021.0,1.03,360,0,3000.0,OpenWeather
Ujjain,23.1765,75.7885,2025-11-16 01:26:34,12.99,36,1020.0,3.12,63,0,10000.0,OpenWeather
Dewas,22.9676,76.0534,2025-11-16 01:31:35,13.25,39,1021.0,3.04,61,0,10000.0,OpenWeather
Indore,22.7196,75.8577,2025-11-16 01:41:58,11.09,71,1021.0,3.09,80,0,3000.0,OpenWeather
Bhopal,23.2599,77.4126,2025-11-16 01:41:58,11.18,54,1021.0,1.03,360,0,3000.0,OpenWeather
Ujjain,23.1765,75.7885,2025-11-16 01:41:58,13.7,39,1021.0,3.14,62,0,10000.0,OpenWeather
Dewas,22.9676,76.0534,2025-11-16 01:41:58,13.25,39,1021.0,3.04,61,0,10000.0,OpenWeather
Indore,22.7196,75.8577,2025-11-16 02:41:03,16.09,59,1022.0,2.06,80,0,3000.0,OpenWeather
Bhopal,23.2599,77.4126,2025-11-16 02:41:58,17.02,35,1022.0,3.12,58,0,10000.0,OpenWeather
Ujjain,23.1765,75.7885,2025-11-16 02:41:58,17.05,33,1022.0,3.48,72,0,10000.0,OpenWeather
Dewas,22.9676,76.0534,2025-11-16 02:41:58,16.62,33,1022.0,3.5,66,0,10000.0,OpenWeather
Indore,22.7196,75.8577,2025-11-16 02:52:30,16.08,59,1022.0,2.06,80,0,3000.0,OpenWeather
Indore,22.7196,75.8577,2025-11-16 03:03:22,18.09,52,1022.0,2.57,110,0,3000.0,OpenWeather
Bhopal,23.2599,77.4126,2025-11-16 02:55:22,17.18,39,1022.0,1.54,20,0,3000.0,OpenWeather
Ujjain,23.1765,75.7885,2025-11-16 02:55:22,17.05,33,1022.0,3.48,72,0,10000.0,OpenWeather
Dewas,22.9676,76.0534,2025-11-16 02:55:22,16.62,33,1022.0,3.5,66,0,10000.0,OpenWeather
Indore,22.7196,75.8577,2025-11-16 03:18:43,18.09,52,1022.0,2.57,110,0,3000.0,OpenWeather
Bhopal,23.2599,77.4126,2025-11-16 03:18:43,17.18,36,1022.0,1.03,40,0,3500.0,OpenWeather
Ujjain,23.1765,75.7885,2025-11-16 03:18:43,17.05,33,1022.0,3.48,72,0,10000.0,OpenWeather
Dewas,22.9676,76.0534,2025-11-16 03:18:43,16.62,33,1022.0,3.5,66,0,10000.0,OpenWeather
Indore,22.7196,75.8577,2025-11-16 06:50:25,25.09,27,1019.0,4.63,90,0,6000.0,OpenWeather
Bhopal,23.2599,77.4126,2025-11-16 06:50:25,23.18,23,1019.0,1.54,30,0,4000.0,OpenWeather
Ujjain,23.1765,75.7885,2025-11-16 06:50:25,24.92,19,1019.0,3.89,69,0,10000.0,OpenWeather
Dewas,22.9676,76.0534,2025-11-16 06:50:25,24.68,20,1019.0,3.82,67,0,10000.0,OpenWeather
Bhopal,23.2599,77.4126,2025-11-16 12:03:09,23.18,23,1018.0,1.54,10,0,4000.0,OpenWeather
Indore,22.7196,75.8577,2025-11-16 12:08:57,22.09,37,1018.0,2.57,50,0,6000.0,OpenWeather
Bhopal,23.2599,77.4126,2025-11-16 12:17:57,22.18,26,1018.0,1.54,20,0,4000.0,OpenWeather
Ujjain,23.1765,75.7885,2025-11-16 12:08:57,21.32,27,1018.0,3.05,63,0,10000.0,OpenWeather
Dewas,22.9676,76.0534,2025-11-16 12:08:57,20.69,29,1018.0,2.9,56,0,10000.0,OpenWeather
Indore,22.7196,75.8577,2025-11-16 18:23:53,15.09,58,1020.0,0.0,0,0,2500.0,OpenWeather
Bhopal,23.2599,77.4126,2025-11-16 18:27:34,16.18,39,1020.0,1.54,10,0,2000.0,OpenWeather
Ujjain,23.1765,75.7885,2025-11-16 18:27:34,15.55,33,1020.0,2.74,45,0,10000.0,OpenWeather
Dewas,22.9676,76.0534,2025-11-16 18:27:34,15.12,35,1020.0,2.38,47,0,10000.0,OpenWeather
Indore,22.7196,75.8577,2025-11-16 18:35:25,15.09,58,1019.0,0.0,0,0,2500.0,OpenWeather
Bhopal,23.2599,77.4126,2025-11-16 18:37:53,16.18,39,1019.0,1.54,10,0,2000.0,OpenWeather
Ujjain,23.1765,75.7885,2025-11-16 18:37:53,14.97,34,1019.0,2.71,51,0,10000.0,OpenWeather
Dewas,22.9676,76.0534,2025-11-16 18:37:53,14.43,37,1019.0,2.43,43,0,10000.0,OpenWeather
Bhopal,23.2599,77.4126,2025-11-18 13:16:09,18.13,45,1015.0,0.0,0,0,3000.0,OpenWeather
Indore,22.7196,75.8577,2025-11-18 13:19:01,21.09,46,1016.0,2.06,30,0,3000.0,OpenWeather
Ujjain,23.1765,75.7885,2025-11-18 13:20:22,19.56,26,1015.0,2.67,49,0,10000.0,OpenWeather
Dewas,22.9676,76.0534,2025-11-18 13:20:23,18.8,29,1015.0,2.48,41,0,10000.0,OpenWeather
Indore,22.7196,75.8577,2025-11-18 13:28:22,21.09,46,1016.0,2.06,30,0,3000.0,OpenWeather
Bhopal,23.2599,77.4126,2025-11-18 13:26:22,18.18,45,1015.0,0.0,0,0,3000.0,OpenWeather
Ujjain,23.1765,75.7885,2025-11-18 13:28:22,19.36,27,1016.0,2.67,49,0,10000.0,OpenWeather
Dewas,22.9676,76.0534,2025-11-18 13:28:23,18.63,30,1016.0,2.48,41,0,10000.0,OpenWeather
