city,latitude,longitude,timestamp,currentspeed,freeflowspeed,currenttraveltime,freeflowtraveltime,confidence,roadclosure,source
Indore,22.7196,75.8577,2025-11-27 16:19:31.004669,1970-01-01 00:00:00.000000014,21,1970-01-01 00:00:00.000000207,1970-01-01 00:00:00.000000138,0.99,False,traffic_live
Dewas,22.9676,76.0534,2025-11-27 16:19:32.007508,1970-01-01 00:00:00.000000034,44,1970-01-01 00:00:00.000001016,1970-01-01 00:00:00.000000785,0.95851,False,traffic_live
Ujjain,23.1765,75.7885,2025-11-27 16:19:32.981915,1970-01-01 00:00:00.000000027,27,1970-01-01 00:00:00.000000283,1970-01-01 00:00:00.000000283,1.0,False,traffic_live
Bhopal,23.2599,77.4126,2025-11-27 16:19:33.917658,1970-01-01 00:00:00.000000017,22,1970-01-01 00:00:00.000000578,1970-01-01 00:00:00.000000447,0.826786,False,traffic_live
Indore,22.7196,75.8577,2025-11-27 16:20:06.196976,1970-01-01 00:00:00.000000014,21,1970-01-01 00:00:00.000000207,1970-01-01 00:00:00.000000138,0.99,False,traffic_live
Dewas,22.9676,76.0534,2025-11-27 16:20:08.350007,1970-01-01 00:00:00.000000034,44,1970-01-01 00:00:00.000001016,1970-01-01 00:00:00.000000785,0.95851,False,traffic_live
Ujjain,23.1765,75.7885,2025-11-27 16:20:09.716812,1970-01-01 00:00:00.000000027,27,1970-01-01 00:00:00.000000283,1970-01-01 00:00:00.000000283,1.0,False,traffic_live
Bhopal,23.2599,77.4126,2025-11-27 16:20:11.001978,1970-01-01 00:00:00.000000017,22,1970-01-01 00:00:00.000000578,1970-01-01 00:00:00.000000447,0.820823,False,traffic_live
Indore,22.7196,75.8577,2025-11-27 16:20:42.542321,1970-01-01 00:00:00.000000014,22,1970-01-01 00:00:00.000000207,1970-01-01 00:00:00.000000131,0.99,False,traffic_live
Dewas,22.9676,76.0534,2025-11-27 16:20:43.789220,1970-01-01 00:00:00.000000034,44,1970-01-01 00:00:00.000001016,1970-01-01 00:00:00.000000785,0.956897,False,traffic_live
Ujjain,23.1765,75.7885,2025-11-27 16:20:44.977905,1970-01-01 00:00:00.000000022,27,1970-01-01 00:00:00.000000347,1970-01-01 00:00:00.000000283,0.81,False,traffic_live
Bhopal,23.2599,77.4126,2025-11-27 16:20:46.262131,1970-01-01 00:00:00.000000017,22,1970-01-01 00:00:00.000000578,1970-01-01 00:00:00.000000447,0.820823,False,traffic_live
Indore,22.7196,75.8577,2025-11-27 16:21:17.603854,1970-01-01 00:00:00.000000013,21,1970-01-01 00:00:00.000000222,1970-01-01 00:00:00.000000138,0.99,False,traffic_live
Dewas,22.9676,76.0534,2025-11-27 16:21:18.832403,1970-01-01 00:00:00.000000034,44,1970-01-01 00:00:00.000001016,1970-01-01 00:00:00.000000785,0.957972,False,traffic_live
Ujjain,23.1765,75.7885,2025-11-27 16:21:20.130750,1970-01-01 00:00:00.000000022,27,1970-01-01 00:00:00.000000347,1970-01-01 00:00:00.000000283,0.8,False,traffic_live
Bhopal,23.2599,77.4126,2025-11-27 16:21:21.355958,1970-01-01 00:00:00.000000017,22,1970-01-01 00:00:00.000000578,1970-01-01 00:00:00.000000447,0.814861,False,traffic_live
Indore,22.7196,75.8577,2025-11-27 16:21:52.796215,1970-01-01 00:00:00.000000014,22,1970-01-01 00:00:00.000000207,1970-01-01 00:00:00.000000131,0.99,False,traffic_live
Dewas,22.9676,76.0534,2025-11-27 16:21:54.082515,1970-01-01 00:00:00.000000034,44,1970-01-01 00:00:00.000001016,1970-01-01 00:00:00.000000785,0.957971,False,traffic_live
Ujjain,23.1765,75.7885,2025-11-27 16:21:55.333886,1970-01-01 00:00:00.000000022,27,1970-01-01 00:00:00.000000347,1970-01-01 00:00:00.000000283,0.8,False,traffic_live
Bhopal,23.2599,77.4126,2025-11-27 16:21:56.534673,1970-01-01 00:00:00.000000016,22,1970-01-01 00:00:00.000000614,1970-01-01 00:00:00.000000447,0.800319,False,traffic_live
Indore,22.7196,75.8577,2025-11-27 16:22:27.942726,1970-01-01 00:00:00.000000014,21,1970-01-01 00:00:00.000000207,1970-01-01 00:00:00.000000138,0.99,False,traffic_live
Dewas,22.9676,76.0534,2025-11-27 16:22:29.149741,1970-01-01 00:00:00.000000034,43,1970-01-01 00:00:00.000001016,1970-01-01 00:00:00.000000804,0.95864,False,traffic_live
Ujjain,23.1765,75.7885,2025-11-27 16:22:30.338055,1970-01-01 00:00:00.000000022,27,1970-01-01 00:00:00.000000347,1970-01-01 00:00:00.000000283,0.8,False,traffic_live
Bhopal,23.2599,77.4126,2025-11-27 16:22:31.602204,1970-01-01 00:00:00.000000017,22,1970-01-01 00:00:00.000000578,1970-01-01 00:00:00.000000447,0.758864,False,traffic_live
Indore,22.7196,75.8577,2025-11-27 16:23:02.984566,1970-01-01 00:00:00.000000013,21,1970-01-01 00:00:00.000000222,1970-01-01 00:00:00.000000138,0.99,False,traffic_live
Dewas,22.9676,76.0534,2025-11-27 16:23:03.969993,1970-01-01 00:00:00.000000034,43,1970-01-01 00:00:00.000001016,1970-01-01 00:00:00.000000804,0.959179,False,traffic_live
Ujjain,23.1765,75.7885,2025-11-27 16:23:04.938599,1970-01-01 00:00:00.000000022,27,1970-01-01 00:00:00.000000347,1970-01-01 00:00:00.000000283,0.81,False,traffic_live
Bhopal,23.2599,77.4126,2025-11-27 16:23:05.919048,1970-01-01 00:00:00.000000017,22,1970-01-01 00:00:00.000000578,1970-01-01 00:00:00.000000447,0.758864,False,traffic_live
Indore,22.7196,75.8577,2025-11-27 16:23:37.255631,1970-01-01 00:00:00.000000013,22,1970-01-01 00:00:00.000000222,1970-01-01 00:00:00.000000131,0.99,False,traffic_live
Dewas,22.9676,76.0534,2025-11-27 16:23:38.406229,1970-01-01 00:00:00.000000034,43,1970-01-01 00:00:00.000001016,1970-01-01 00:00:00.000000804,0.953908,False,traffic_live
Ujjain,23.1765,75.7885,2025-11-27 16:23:39.595571,1970-01-01 00:00:00.000000021,26,1970-01-01 00:00:00.000000364,1970-01-01 00:00:00.000000294,0.81,False,traffic_live
Bhopal,23.2599,77.4126,2025-11-27 16:23:40.817264,1970-01-01 00:00:00.000000017,22,1970-01-01 00:00:00.000000578,1970-01-01 00:00:00.000000447,0.758864,False,traffic_live
Indore,22.7196,75.8577,2025-11-27 16:24:11.914034,1970-01-01 00:00:00.000000016,22,1970-01-01 00:00:00.000000181,1970-01-01 00:00:00.000000131,0.99,False,traffic_live
Dewas,22.9676,76.0534,2025-11-27 16:24:12.872125,1970-01-01 00:00:00.000000034,43,1970-01-01 00:00:00.000001016,1970-01-01 00:00:00.000000804,0.953908,False,traffic_live
Ujjain,23.1765,75.7885,2025-11-27 16:24:13.839388,1970-01-01 00:00:00.000000021,26,1970-01-01 00:00:00.000000364,1970-01-01 00:00:00.000000294,0.81,False,traffic_live
Bhopal,23.2599,77.4126,2025-11-27 16:24:15.049332,1970-01-01 00:00:00.000000017,21,1970-01-01 00:00:00.000000578,1970-01-01 00:00:00.000000468,0.755519,False,traffic_live
Indore,22.7196,75.8577,2025-11-27 16:24:46.402700,1970-01-01 00:00:00.000000015,21,1970-01-01 00:00:00.000000193,1970-01-01 00:00:00.000000138,0.99,False,traffic_live
Dewas,22.9676,76.0534,2025-11-27 16:24:47.548175,1970-01-01 00:00:00.000000034,43,1970-01-01 00:00:00.000001016,1970-01-01 00:00:00.000000804,0.95046,False,traffic_live
Ujjain,23.1765,75.7885,2025-11-27 16:24:48.732588,1970-01-01 00:00:00.000000021,26,1970-01-01 00:00:00.000000364,1970-01-01 00:00:00.000000294,0.81,False,traffic_live
Bhopal,23.2599,77.4126,2025-11-27 16:24:49.864782,1970-01-01 00:00:00.000000017,21,1970-01-01 00:00:00.000000578,1970-01-01 00:00:00.000000468,0.755519,False,traffic_live
Indore,22.7196,75.8577,2025-11-27 16:25:21.288372,1970-01-01 00:00:00.000000014,21,1970-01-01 00:00:00.000000207,1970-01-01 00:00:00.000000138,0.99,False,traffic_live
Dewas,22.9676,76.0534,2025-11-27 16:25:22.536949,1970-01-01 00:00:00.000000034,43,1970-01-01 00:00:00.000001016,1970-01-01 00:00:00.000000804,0.95046,False,traffic_live
Ujjain,23.1765,75.7885,2025-11-27 16:25:23.734761,1970-01-01 00:00:00.000000021,26,1970-01-01 00:00:00.000000364,1970-01-01 00:00:00.000000294,0.81,False,traffic_live
Bhopal,23.2599,77.4126,2025-11-27 16:25:24.955523,1970-01-01 00:00:00.000000017,21,1970-01-01 00:00:00.000000578,1970-01-01 00:00:00.000000468,0.755519,False,traffic_live
Indore,22.7196,75.8577,2025-11-27 16:25:56.291921,1970-01-01 00:00:00.000000014,21,1970-01-01 00:00:00.000000207,1970-01-01 00:00:00.000000138,0.99,False,traffic_live
Dewas,22.9676,76.0534,2025-11-27 16:25:57.534664,1970-01-01 00:00:00.000000034,43,1970-01-01 00:00:00.000001016,1970-01-01 00:00:00.000000804,0.95046,False,traffic_live
Ujjain,23.1765,75.7885,2025-11-27 16:25:58.738547,1970-01-01 00:00:00.000000021,26,1970-01-01 00:00:00.000000364,1970-01-01 00:00:00.000000294,0.81,False,traffic_live
Bhopal,23.2599,77.4126,2025-11-27 16:25:59.940614,1970-01-01 00:00:00.000000017,21,1970-01-01 00:00:00.000000578,1970-01-01 00:00:00.000000468,0.755519,False,traffic_live
Indore,22.7196,75.8577,2025-11-27 16:26:31.371003,1970-01-01 00:00:00.000000014,21,1970-01-01 00:00:00.000000207,1970-01-01 00:00:00.000000138,0.99,False,traffic_live
Dewas,22.9676,76.0534,2025-11-27 16:26:32.664502,1970-01-01 00:00:00.000000034,44,1970-01-01 00:00:00.000001016,1970-01-01 00:00:00.000000785,0.951101,False,traffic_live
Ujjain,23.1765,75.7885,2025-11-27 16:26:33.842348,1970-01-01 00:00:00.000000021,26,1970-01-01 00:00:00.000000364,1970-01-01 00:00:00.000000294,0.82,False,traffic_live
Bhopal,23.2599,77.4126,2025-11-27 16:26:35.017553,1970-01-01 00:00:00.000000018,22,1970-01-01 00:00:00.000000546,1970-01-01 00:00:00.000000447,0.741704,False,traffic_live
Indore,22.7196,75.8577,2025-11-27 16:27:06.412027,1970-01-01 00:00:00.000000014,22,1970-01-01 00:00:00.000000207,1970-01-01 00:00:00.000000131,0.99,False,traffic_live
Dewas,22.9676,76.0534,2025-11-27 16:27:07.630061,1970-01-01 00:00:00.000000034,44,1970-01-01 00:00:00.000001016,1970-01-01 00:00:00.000000785,0.951101,False,traffic_live
Ujjain,23.1765,75.7885,2025-11-27 16:27:08.831847,1970-01-01 00:00:00.000000021,27,1970-01-01 00:00:00.000000364,1970-01-01 00:00:00.000000283,0.82,False,traffic_live
Bhopal,23.2599,77.4126,2025-11-27 16:27:10.094474,1970-01-01 00:00:00.000000018,22,1970-01-01 00:00:00.000000546,1970-01-01 00:00:00.000000447,0.739087,False,traffic_live
Indore,22.7196,75.8577,2025-11-27 16:27:41.474158,1970-01-01 00:00:00.000000014,22,1970-01-01 00:00:00.000000207,1970-01-01 00:00:00.000000131,0.99,False,traffic_live
Dewas,22.9676,76.0534,2025-11-27 16:27:42.758582,1970-01-01 00:00:00.000000034,43,1970-01-01 00:00:00.000001016,1970-01-01 00:00:00.000000804,0.951101,False,traffic_live
Ujjain,23.1765,75.7885,2025-11-27 16:27:43.919272,1970-01-01 00:00:00.000000021,27,1970-01-01 00:00:00.000000364,1970-01-01 00:00:00.000000283,0.82,False,traffic_live
Bhopal,23.2599,77.4126,2025-11-27 16:27:45.128803,1970-01-01 00:00:00.000000018,21,1970-01-01 00:00:00.000000546,1970-01-01 00:00:00.000000468,0.73647,False,traffic_live
Indore,22.7196,75.8577,2025-11-27 16:28:18.097974,1970-01-01 00:00:00.000000014,21,1970-01-01 00:00:00.000000207,1970-01-01 00:00:00.000000138,0.99,False,traffic_live
Dewas,22.9676,76.0534,2025-11-27 16:28:22.994851,1970-01-01 00:00:00.000000035,44,1970-01-01 00:00:00.000000987,1970-01-01 00:00:00.000000785,0.949921,False,traffic_live
Ujjain,23.1765,75.7885,2025-11-27 16:28:24.392960,1970-01-01 00:00:00.000000021,27,1970-01-01 00:00:00.000000364,1970-01-01 00:00:00.000000283,0.81,False,traffic_live
Bhopal,23.2599,77.4126,2025-11-27 16:28:25.741841,1970-01-01 00:00:00.000000017,21,1970-01-01 00:00:00.000000578,1970-01-01 00:00:00.000000468,0.710413,False,traffic_live
Dewas,22.9676,76.0534,2025-11-27 16:29:37.353530,1970-01-01 00:00:00.000000035,44,1970-01-01 00:00:00.000000987,1970-01-01 00:00:00.000000785,0.946795,False,traffic_live
Ujjain,23.1765,75.7885,2025-11-27 16:29:47.235018,1970-01-01 00:00:00.000000021,26,1970-01-01 00:00:00.000000364,1970-01-01 00:00:00.000000294,0.81,False,traffic_live
Bhopal,23.2599,77.4126,2025-11-27 16:30:07.759391,1970-01-01 00:00:00.000000017,21,1970-01-01 00:00:00.000000578,1970-01-01 00:00:00.000000468,0.775959,False,traffic_live
Ujjain,23.1765,75.7885,2025-11-27 16:31:21.604946,1970-01-01 00:00:00.000000021,26,1970-01-01 00:00:00.000000364,1970-01-01 00:00:00.000000294,0.81,False,traffic_live
Bhopal,23.2599,77.4126,2025-11-27 16:31:23.097405,1970-01-01 00:00:00.000000018,21,1970-01-01 00:00:00.000000546,1970-01-01 00:00:00.000000468,0.771917,False,traffic_live
Indore,22.7196,75.8577,2025-11-27 16:31:54.646860,1970-01-01 00:00:00.000000011,21,1970-01-01 00:00:00.000000263,1970-01-01 00:00:00.000000138,1.0,False,traffic_live
Dewas,22.9676,76.0534,2025-11-27 16:31:55.936100,1970-01-01 00:00:00.000000034,43,1970-01-01 00:00:00.000001016,1970-01-01 00:00:00.000000804,0.941936,False,traffic_live
Ujjain,23.1765,75.7885,2025-11-27 16:31:57.162614,1970-01-01 00:00:00.000000021,26,1970-01-01 00:00:00.000000364,1970-01-01 00:00:00.000000294,0.81,False,traffic_live
Bhopal,23.2599,77.4126,2025-11-27 16:31:58.423912,1970-01-01 00:00:00.000000018,22,1970-01-01 00:00:00.000000546,1970-01-01 00:00:00.000000447,0.798748,False,traffic_live
Indore,22.7196,75.8577,2025-11-27 16:32:29.955449,1970-01-01 00:00:00.000000011,21,1970-01-01 00:00:00.000000263,1970-01-01 00:00:00.000000138,1.0,False,traffic_live
Dewas,22.9676,76.0534,2025-11-27 16:32:31.314608,1970-01-01 00:00:00.000000034,43,1970-01-01 00:00:00.000001016,1970-01-01 00:00:00.000000804,0.940382,False,traffic_live
Ujjain,23.1765,75.7885,2025-11-27 16:32:32.614397,1970-01-01 00:00:00.000000021,26,1970-01-01 00:00:00.000000364,1970-01-01 00:00:00.000000294,0.8,False,traffic_live
Bhopal,23.2599,77.4126,2025-11-27 16:32:33.861773,1970-01-01 00:00:00.000000018,21,1970-01-01 00:00:00.000000546,1970-01-01 00:00:00.000000468,0.80878,False,traffic_live
Indore,22.7196,75.8577,2025-11-27 16:33:05.505850,1970-01-01 00:00:00.000000012,22,1970-01-01 00:00:00.000000241,1970-01-01 00:00:00.000000131,0.99,False,traffic_live
Dewas,22.9676,76.0534,2025-11-27 16:33:06.971919,1970-01-01 00:00:00.000000034,44,1970-01-01 00:00:00.000001016,1970-01-01 00:00:00.000000785,0.941459,False,traffic_live
Ujjain,23.1765,75.7885,2025-11-27 16:33:08.920213,1970-01-01 00:00:00.000000027,27,1970-01-01 00:00:00.000000283,1970-01-01 00:00:00.000000283,1.0,False,traffic_live
Bhopal,23.2599,77.4126,2025-11-27 16:33:11.155400,1970-01-01 00:00:00.000000018,21,1970-01-01 00:00:00.000000546,1970-01-01 00:00:00.000000468,0.810153,False,traffic_live
Indore,22.7196,75.8577,2025-11-27 16:33:42.694935,1970-01-01 00:00:00.000000011,21,1970-01-01 00:00:00.000000263,1970-01-01 00:00:00.000000138,0.99,False,traffic_live
Dewas,22.9676,76.0534,2025-11-27 16:33:43.988877,1970-01-01 00:00:00.000000034,44,1970-01-01 00:00:00.000001016,1970-01-01 00:00:00.000000785,0.934918,False,traffic_live
Ujjain,23.1765,75.7885,2025-11-27 16:33:45.330055,1970-01-01 00:00:00.000000018,26,1970-01-01 00:00:00.000000425,1970-01-01 00:00:00.000000294,0.815112,False,traffic_live
Bhopal,23.2599,77.4126,2025-11-27 16:33:46.714049,1970-01-01 00:00:00.000000018,21,1970-01-01 00:00:00.000000546,1970-01-01 00:00:00.000000468,0.838705,False,traffic_live
Indore,22.7196,75.8577,2025-11-27 16:34:19.277855,1970-01-01 00:00:00.000000012,22,1970-01-01 00:00:00.000000241,1970-01-01 00:00:00.000000131,1.0,False,traffic_live
Dewas,22.9676,76.0534,2025-11-27 16:34:20.454555,1970-01-01 00:00:00.000000034,44,1970-01-01 00:00:00.000001016,1970-01-01 00:00:00.000000785,0.935459,False,traffic_live
Ujjain,23.1765,75.7885,2025-11-27 16:34:21.692127,1970-01-01 00:00:00.000000018,26,1970-01-01 00:00:00.000000425,1970-01-01 00:00:00.000000294,0.815112,False,traffic_live
Bhopal,23.2599,77.4126,2025-11-27 16:34:22.961144,1970-01-01 00:00:00.000000018,21,1970-01-01 00:00:00.000000546,1970-01-01 00:00:00.000000468,0.840011,False,traffic_live
Indore,22.7196,75.8577,2025-11-27 16:34:56.214205,1970-01-01 00:00:00.000000012,22,1970-01-01 00:00:00.000000241,1970-01-01 00:00:00.000000131,1.0,False,traffic_live
Dewas,22.9676,76.0534,2025-11-27 16:34:57.680175,1970-01-01 00:00:00.000000034,44,1970-01-01 00:00:00.000001016,1970-01-01 00:00:00.000000785,0.935459,False,traffic_live
Ujjain,23.1765,75.7885,2025-11-27 16:34:58.900920,1970-01-01 00:00:00.000000018,26,1970-01-01 00:00:00.000000425,1970-01-01 00:00:00.000000294,0.815112,False,traffic_live
Bhopal,23.2599,77.4126,2025-11-27 16:35:00.109175,1970-01-01 00:00:00.000000018,21,1970-01-01 00:00:00.000000546,1970-01-01 00:00:00.000000468,0.839564,False,traffic_live
Indore,22.7196,75.8577,2025-11-27 16:35:31.580991,1970-01-01 00:00:00.000000012,21,1970-01-01 00:00:00.000000241,1970-01-01 00:00:00.000000138,1.0,False,traffic_live
Dewas,22.9676,76.0534,2025-11-27 16:35:32.795956,1970-01-01 00:00:00.000000034,44,1970-01-01 00:00:00.000001016,1970-01-01 00:00:00.000000785,0.932291,False,traffic_live
Ujjain,23.1765,75.7885,2025-11-27 16:35:34.063008,1970-01-01 00:00:00.000000018,26,1970-01-01 00:00:00.000000425,1970-01-01 00:00:00.000000294,0.854039,False,traffic_live
Bhopal,23.2599,77.4126,2025-11-27 16:35:35.256552,1970-01-01 00:00:00.000000019,21,1970-01-01 00:00:00.000000517,1970-01-01 00:00:00.000000468,0.829267,False,traffic_live
Indore,22.7196,75.8577,2025-11-27 16:36:06.615420,1970-01-01 00:00:00.000000017,21,1970-01-01 00:00:00.000000170,1970-01-01 00:00:00.000000138,0.99,False,traffic_live
Dewas,22.9676,76.0534,2025-11-27 16:36:07.847828,1970-01-01 00:00:00.000000035,43,1970-01-01 00:00:00.000000987,1970-01-01 00:00:00.000000804,0.935997,False,traffic_live
Ujjain,23.1765,75.7885,2025-11-27 16:36:09.016557,1970-01-01 00:00:00.000000018,26,1970-01-01 00:00:00.000000425,1970-01-01 00:00:00.000000294,0.856742,False,traffic_live
Bhopal,23.2599,77.4126,2025-11-27 16:36:10.255121,1970-01-01 00:00:00.000000019,21,1970-01-01 00:00:00.000000517,1970-01-01 00:00:00.000000468,0.825533,False,traffic_live
Indore,22.7196,75.8577,2025-11-27 16:36:41.687706,1970-01-01 00:00:00.000000017,21,1970-01-01 00:00:00.000000170,1970-01-01 00:00:00.000000138,0.99,False,traffic_live
Dewas,22.9676,76.0534,2025-11-27 16:36:42.863021,1970-01-01 00:00:00.000000035,43,1970-01-01 00:00:00.000000987,1970-01-01 00:00:00.000000804,0.935997,False,traffic_live
Ujjain,23.1765,75.7885,2025-11-27 16:36:44.066535,1970-01-01 00:00:00.000000018,26,1970-01-01 00:00:00.000000425,1970-01-01 00:00:00.000000294,0.856742,False,traffic_live
Bhopal,23.2599,77.4126,2025-11-27 16:36:45.231893,1970-01-01 00:00:00.000000019,21,1970-01-01 00:00:00.000000517,1970-01-01 00:00:00.000000468,0.825533,False,traffic_live
Indore,22.7196,75.8577,2025-11-27 16:37:16.678079,1970-01-01 00:00:00.000000017,21,1970-01-01 00:00:00.000000170,1970-01-01 00:00:00.000000138,0.99,False,traffic_live
Dewas,22.9676,76.0534,2025-11-27 16:37:17.950435,1970-01-01 00:00:00.000000035,43,1970-01-01 00:00:00.000000987,1970-01-01 00:00:00.000000804,0.943614,False,traffic_live
Ujjain,23.1765,75.7885,2025-11-27 16:37:19.304152,1970-01-01 00:00:00.000000018,26,1970-01-01 00:00:00.000000425,1970-01-01 00:00:00.000000294,0.856742,False,traffic_live
Bhopal,23.2599,77.4126,2025-11-27 16:37:20.591420,1970-01-01 00:00:00.000000018,21,1970-01-01 00:00:00.000000546,1970-01-01 00:00:00.000000468,0.819932,False,traffic_live
Indore,22.7196,75.8577,2025-11-27 16:37:52.024648,1970-01-01 00:00:00.000000014,22,1970-01-01 00:00:00.000000207,1970-01-01 00:00:00.000000131,0.99,False,traffic_live
Dewas,22.9676,76.0534,2025-11-27 16:37:53.268635,1970-01-01 00:00:00.000000035,43,1970-01-01 00:00:00.000000987,1970-01-01 00:00:00.000000804,0.942851,False,traffic_live
Ujjain,23.1765,75.7885,2025-11-27 16:37:54.496008,1970-01-01 00:00:00.000000018,26,1970-01-01 00:00:00.000000425,1970-01-01 00:00:00.000000294,0.860927,False,traffic_live
Bhopal,23.2599,77.4126,2025-11-27 16:37:55.727984,1970-01-01 00:00:00.000000018,22,1970-01-01 00:00:00.000000546,1970-01-01 00:00:00.000000447,0.819932,False,traffic_live
Indore,22.7196,75.8577,2025-11-27 16:38:27.172083,1970-01-01 00:00:00.000000016,22,1970-01-01 00:00:00.000000181,1970-01-01 00:00:00.000000131,0.99,False,traffic_live
Dewas,22.9676,76.0534,2025-11-27 16:38:28.430810,1970-01-01 00:00:00.000000034,43,1970-01-01 00:00:00.000001016,1970-01-01 00:00:00.000000804,0.93815,False,traffic_live
Indore,22.7196,75.8577,2025-11-27 16:39:50.906572,1970-01-01 00:00:00.000000015,21,1970-01-01 00:00:00.000000193,1970-01-01 00:00:00.000000138,0.99,False,traffic_live
Dewas,22.9676,76.0534,2025-11-27 16:39:52.195023,1970-01-01 00:00:00.000000035,43,1970-01-01 00:00:00.000000987,1970-01-01 00:00:00.000000804,0.925587,False,traffic_live
Ujjain,23.1765,75.7885,2025-11-27 16:39:53.416565,1970-01-01 00:00:00.000000018,26,1970-01-01 00:00:00.000000425,1970-01-01 00:00:00.000000294,0.84302,False,traffic_live
Bhopal,23.2599,77.4126,2025-11-27 16:39:54.663994,1970-01-01 00:00:00.000000017,21,1970-01-01 00:00:00.000000578,1970-01-01 00:00:00.000000468,0.812105,False,traffic_live
Indore,22.7196,75.8577,2025-11-27 16:40:26.201569,1970-01-01 00:00:00.000000017,22,1970-01-01 00:00:00.000000170,1970-01-01 00:00:00.000000131,0.99,False,traffic_live
Dewas,22.9676,76.0534,2025-11-27 16:40:27.433519,1970-01-01 00:00:00.000000035,43,1970-01-01 00:00:00.000000987,1970-01-01 00:00:00.000000804,0.925587,False,traffic_live
Ujjain,23.1765,75.7885,2025-11-27 16:40:28.638994,1970-01-01 00:00:00.000000018,26,1970-01-01 00:00:00.000000425,1970-01-01 00:00:00.000000294,0.83302,False,traffic_live
Bhopal,23.2599,77.4126,2025-11-27 16:40:29.834395,1970-01-01 00:00:00.000000017,21,1970-01-01 00:00:00.000000578,1970-01-01 00:00:00.000000468,0.816366,False,traffic_live
Indore,22.7196,75.8577,2025-11-27 16:41:01.210062,1970-01-01 00:00:00.000000015,21,1970-01-01 00:00:00.000000193,1970-01-01 00:00:00.000000138,1.0,False,traffic_live
Dewas,22.9676,76.0534,2025-11-27 16:41:02.400148,1970-01-01 00:00:00.000000034,43,1970-01-01 00:00:00.000001016,1970-01-01 00:00:00.000000804,0.925743,False,traffic_live
Ujjain,23.1765,75.7885,2025-11-27 16:41:03.603449,1970-01-01 00:00:00.000000018,26,1970-01-01 00:00:00.000000425,1970-01-01 00:00:00.000000294,0.840927,False,traffic_live
Bhopal,23.2599,77.4126,2025-11-27 16:41:04.771430,1970-01-01 00:00:00.000000017,21,1970-01-01 00:00:00.000000578,1970-01-01 00:00:00.000000468,0.802207,False,traffic_live
Indore,22.7196,75.8577,2025-11-27 16:42:06.372860,1970-01-01 00:00:00.000000016,21,1970-01-01 00:00:00.000000181,1970-01-01 00:00:00.000000138,1.0,False,traffic_live
Dewas,22.9676,76.0534,2025-11-27 16:42:07.585598,1970-01-01 00:00:00.000000034,44,1970-01-01 00:00:00.000001016,1970-01-01 00:00:00.000000785,0.929023,False,traffic_live
Ujjain,23.1765,75.7885,2025-11-27 16:42:08.793155,1970-01-01 00:00:00.000000018,26,1970-01-01 00:00:00.000000425,1970-01-01 00:00:00.000000294,0.815112,False,traffic_live
Bhopal,23.2599,77.4126,2025-11-27 16:42:10.002926,1970-01-01 00:00:00.000000017,22,1970-01-01 00:00:00.000000578,1970-01-01 00:00:00.000000447,0.806804,False,traffic_live
Indore,22.7196,75.8577,2025-11-27 16:42:41.295810,1970-01-01 00:00:00.000000013,21,1970-01-01 00:00:00.000000222,1970-01-01 00:00:00.000000138,1.0,False,traffic_live
Dewas,22.9676,76.0534,2025-11-27 16:42:42.452923,1970-01-01 00:00:00.000000035,44,1970-01-01 00:00:00.000000987,1970-01-01 00:00:00.000000785,0.927398,False,traffic_live
Bhopal,23.2599,77.4126,2025-11-27 16:42:59.971917,1970-01-01 00:00:00.000000017,21,1970-01-01 00:00:00.000000578,1970-01-01 00:00:00.000000468,0.806804,False,traffic_live
Indore,22.7196,75.8577,2025-11-27 16:43:31.464933,1970-01-01 00:00:00.000000012,21,1970-01-01 00:00:00.000000241,1970-01-01 00:00:00.000000138,1.0,False,traffic_live
Dewas,22.9676,76.0534,2025-11-27 16:43:32.746368,1970-01-01 00:00:00.000000035,44,1970-01-01 00:00:00.000000987,1970-01-01 00:00:00.000000785,0.927126,False,traffic_live
Ujjain,23.1765,75.7885,2025-11-27 16:43:33.985813,1970-01-01 00:00:00.000000018,26,1970-01-01 00:00:00.000000425,1970-01-01 00:00:00.000000294,0.759761,False,traffic_live
Bhopal,23.2599,77.4126,2025-11-27 16:43:35.247685,1970-01-01 00:00:00.000000017,22,1970-01-01 00:00:00.000000578,1970-01-01 00:00:00.000000447,0.823311,False,traffic_live
Indore,22.7196,75.8577,2025-11-27 16:44:06.657592,1970-01-01 00:00:00.000000012,22,1970-01-01 00:00:00.000000241,1970-01-01 00:00:00.000000131,1.0,False,traffic_live
Dewas,22.9676,76.0534,2025-11-27 16:44:07.806023,1970-01-01 00:00:00.000000035,44,1970-01-01 00:00:00.000000987,1970-01-01 00:00:00.000000785,0.927334,False,traffic_live
Ujjain,23.1765,75.7885,2025-11-27 16:44:09.016785,1970-01-01 00:00:00.000000018,26,1970-01-01 00:00:00.000000425,1970-01-01 00:00:00.000000294,0.759761,False,traffic_live
Bhopal,23.2599,77.4126,2025-11-27 16:44:10.277686,1970-01-01 00:00:00.000000017,22,1970-01-01 00:00:00.000000578,1970-01-01 00:00:00.000000447,0.823311,False,traffic_live
Indore,22.7196,75.8577,2025-11-27 16:44:41.818879,1970-01-01 00:00:00.000000012,22,1970-01-01 00:00:00.000000241,1970-01-01 00:00:00.000000131,1.0,False,traffic_live
Dewas,22.9676,76.0534,2025-11-27 16:44:43.113586,1970-01-01 00:00:00.000000035,43,1970-01-01 00:00:00.000000987,1970-01-01 00:00:00.000000804,0.927875,False,traffic_live
Ujjain,23.1765,75.7885,2025-11-27 16:44:44.453129,1970-01-01 00:00:00.000000018,26,1970-01-01 00:00:00.000000425,1970-01-01 00:00:00.000000294,0.761854,False,traffic_live
Bhopal,23.2599,77.4126,2025-11-27 16:44:45.739570,1970-01-01 00:00:00.000000017,22,1970-01-01 00:00:00.000000578,1970-01-01 00:00:00.000000447,0.826598,False,traffic_live
Indore,22.7196,75.8577,2025-11-27 16:45:17.343674,1970-01-01 00:00:00.000000013,21,1970-01-01 00:00:00.000000222,1970-01-01 00:00:00.000000138,0.99,False,traffic_live
Dewas,22.9676,76.0534,2025-11-27 16:45:18.720264,1970-01-01 00:00:00.000000035,44,1970-01-01 00:00:00.000000987,1970-01-01 00:00:00.000000785,0.941038,False,traffic_live
Ujjain,23.1765,75.7885,2025-11-27 16:45:20.167848,1970-01-01 00:00:00.000000018,26,1970-01-01 00:00:00.000000425,1970-01-01 00:00:00.000000294,0.783483,False,traffic_live
Bhopal,23.2599,77.4126,2025-11-27 16:45:21.606876,1970-01-01 00:00:00.000000017,21,1970-01-01 00:00:00.000000578,1970-01-01 00:00:00.000000468,0.821436,False,traffic_live
Indore,22.7196,75.8577,2025-11-27 16:45:53.164564,1970-01-01 00:00:00.000000015,22,1970-01-01 00:00:00.000000193,1970-01-01 00:00:00.000000131,0.99,False,traffic_live
Dewas,22.9676,76.0534,2025-11-27 16:45:54.491548,1970-01-01 00:00:00.000000035,44,1970-01-01 00:00:00.000000987,1970-01-01 00:00:00.000000785,0.94122,False,traffic_live
Ujjain,23.1765,75.7885,2025-11-27 16:45:55.786822,1970-01-01 00:00:00.000000018,26,1970-01-01 00:00:00.000000425,1970-01-01 00:00:00.000000294,0.78139,False,traffic_live
Bhopal,23.2599,77.4126,2025-11-27 16:45:57.261840,1970-01-01 00:00:00.000000017,22,1970-01-01 00:00:00.000000578,1970-01-01 00:00:00.000000447,0.819195,False,traffic_live
Indore,22.7196,75.8577,2025-11-27 16:46:28.803360,1970-01-01 00:00:00.000000015,21,1970-01-01 00:00:00.000000193,1970-01-01 00:00:00.000000138,0.99,False,traffic_live
Dewas,22.9676,76.0534,2025-11-27 16:46:30.161525,1970-01-01 00:00:00.000000035,44,1970-01-01 00:00:00.000000987,1970-01-01 00:00:00.000000785,0.941758,False,traffic_live
Ujjain,23.1765,75.7885,2025-11-27 16:46:31.466485,1970-01-01 00:00:00.000000018,26,1970-01-01 00:00:00.000000425,1970-01-01 00:00:00.000000294,0.84,False,traffic_live
Bhopal,23.2599,77.4126,2025-11-27 16:46:32.809623,1970-01-01 00:00:00.000000017,22,1970-01-01 00:00:00.000000578,1970-01-01 00:00:00.000000447,0.813595,False,traffic_live
Indore,22.7196,75.8577,2025-11-27 16:47:04.289311,1970-01-01 00:00:00.000000015,22,1970-01-01 00:00:00.000000193,1970-01-01 00:00:00.000000131,0.99,False,traffic_live
Dewas,22.9676,76.0534,2025-11-27 16:47:05.641112,1970-01-01 00:00:00.000000035,43,1970-01-01 00:00:00.000000987,1970-01-01 00:00:00.000000804,0.951256,False,traffic_live
Ujjain,23.1765,75.7885,2025-11-27 16:47:07.043426,1970-01-01 00:00:00.000000018,27,1970-01-01 00:00:00.000000425,1970-01-01 00:00:00.000000283,0.83,False,traffic_live
Bhopal,23.2599,77.4126,2025-11-27 16:47:08.366459,1970-01-01 00:00:00.000000016,22,1970-01-01 00:00:00.000000614,1970-01-01 00:00:00.000000447,0.813595,False,traffic_live
Indore,22.7196,75.8577,2025-11-27 16:47:39.858114,1970-01-01 00:00:00.000000015,22,1970-01-01 00:00:00.000000193,1970-01-01 00:00:00.000000131,0.99,False,traffic_live
Dewas,22.9676,76.0534,2025-11-27 16:47:41.140554,1970-01-01 00:00:00.000000035,43,1970-01-01 00:00:00.000000987,1970-01-01 00:00:00.000000804,0.951256,False,traffic_live
Ujjain,23.1765,75.7885,2025-11-27 16:47:42.478875,1970-01-01 00:00:00.000000018,27,1970-01-01 00:00:00.000000425,1970-01-01 00:00:00.000000283,0.83,False,traffic_live
Bhopal,23.2599,77.4126,2025-11-27 16:47:43.882429,1970-01-01 00:00:00.000000016,22,1970-01-01 00:00:00.000000614,1970-01-01 00:00:00.000000447,0.813595,False,traffic_live
Indore,22.7196,75.8577,2025-11-27 16:48:15.411180,1970-01-01 00:00:00.000000015,22,1970-01-01 00:00:00.000000193,1970-01-01 00:00:00.000000131,0.99,False,traffic_live
Dewas,22.9676,76.0534,2025-11-27 16:48:16.745341,1970-01-01 00:00:00.000000035,43,1970-01-01 00:00:00.000000987,1970-01-01 00:00:00.000000804,0.955474,False,traffic_live
Ujjain,23.1765,75.7885,2025-11-27 16:48:18.101298,1970-01-01 00:00:00.000000018,27,1970-01-01 00:00:00.000000425,1970-01-01 00:00:00.000000283,0.83,False,traffic_live
Bhopal,23.2599,77.4126,2025-11-27 16:48:19.404856,1970-01-01 00:00:00.000000016,21,1970-01-01 00:00:00.000000614,1970-01-01 00:00:00.000000468,0.819173,False,traffic_live
Indore,22.7196,75.8577,2025-11-27 16:48:51.075427,1970-01-01 00:00:00.000000013,22,1970-01-01 00:00:00.000000222,1970-01-01 00:00:00.000000131,0.99,False,traffic_live
Dewas,22.9676,76.0534,2025-11-27 16:48:52.524366,1970-01-01 00:00:00.000000035,44,1970-01-01 00:00:00.000000987,1970-01-01 00:00:00.000000785,0.956586,False,traffic_live
Ujjain,23.1765,75.7885,2025-11-27 16:48:53.957507,1970-01-01 00:00:00.000000018,27,1970-01-01 00:00:00.000000425,1970-01-01 00:00:00.000000283,0.822093,False,traffic_live
Bhopal,23.2599,77.4126,2025-11-27 16:48:55.430243,1970-01-01 00:00:00.000000017,21,1970-01-01 00:00:00.000000578,1970-01-01 00:00:00.000000468,0.790651,False,traffic_live
Indore,22.7196,75.8577,2025-11-27 16:49:27.003570,1970-01-01 00:00:00.000000013,22,1970-01-01 00:00:00.000000222,1970-01-01 00:00:00.000000131,0.99,False,traffic_live
Dewas,22.9676,76.0534,2025-11-27 16:49:28.434020,1970-01-01 00:00:00.000000035,44,1970-01-01 00:00:00.000000987,1970-01-01 00:00:00.000000785,0.956586,False,traffic_live
Ujjain,23.1765,75.7885,2025-11-27 16:49:30.839414,1970-01-01 00:00:00.000000018,27,1970-01-01 00:00:00.000000425,1970-01-01 00:00:00.000000283,0.822093,False,traffic_live
Bhopal,23.2599,77.4126,2025-11-27 16:49:32.244913,1970-01-01 00:00:00.000000017,22,1970-01-01 00:00:00.000000578,1970-01-01 00:00:00.000000447,0.794141,False,traffic_live
